run_id,experiment_id,status,artifact_uri,start_time,end_time,metrics.final_weight_variance_mean,metrics.perfm_val_loss_early_stop,metrics.cont_val_loss_early_stop,metrics.weight_variance_var,metrics.perfm_val_loss,metrics.perfm_test_std,metrics.final_weight_variance_kurt,metrics.weight_variance_kurt,metrics.weight_variance_mean,metrics.final_weight_variance_var,metrics.perfm_test_avg,metrics.val_loss,metrics.train_loss,metrics.test_ami,metrics.perfm_train_loss,metrics.best_perfm_val_loss,metrics.epoch,metrics.weight_variance_skew,metrics.final_weight_variance_skew,metrics.rec_test_2,metrics.cont_bal_acc,metrics.rec_test_5,metrics.best_cont_val_loss,metrics.cont_train_loss,metrics.rec_test_3,metrics.rec_test_4,metrics.cont_val_loss,metrics.rec_test_0,metrics.rec_test_1,params.enc_kernel,params.spec_kernel,params.enc_k2,params.enc_k1,params.spec_k2,params.context_specific,params.activation,params.mode,params.spec_k1,params.multiple_performers,tags.mlflow.source.name,tags.mlflow.user,tags.mlflow.source.type
360f5945032742939b8139b6f64eb9f6,2,FINISHED,/home/federico/mlruns/2/360f5945032742939b8139b6f64eb9f6/artifacts,2022-03-09 17:35:55.921000+00:00,2022-03-09 19:21:52.524000+00:00,2.2473471127743997e-13,0.2720845341682434,,8.759961142290091e-25,0.27200576663017273,0.21607887744903564,55.08056230155539,55.080562591552734,2.2473471380287519e-13,8.759961263402203e-25,0.2972046434879303,0.27200576663017273,0.2809944748878479,0.013413532637059689,0.2809944748878479,0.2720162868499756,34.0,7.3782057762146,7.378205853899285,,,,,,,,,,,5,5,3,4,4,False,ReLU(),pedaling,4,True,run.py,federico,LOCAL
6ecf4733d99a484cbad8030309e3c6c5,2,FINISHED,/home/federico/mlruns/2/6ecf4733d99a484cbad8030309e3c6c5/artifacts,2022-03-09 15:48:59.225000+00:00,2022-03-09 17:35:55.848000+00:00,0.0,0.30054423213005066,0.27777785062789917,0.0,0.29445382952690125,0.17390213906764984,,,0.0,0.0,0.28853127360343933,0.5722317695617676,0.5902280807495117,0.0030293618328869343,0.3124503791332245,0.2839045226573944,34.0,,,0.0,0.1666666716337204,0.0,0.27777785062789917,0.27777713537216187,0.0,0.0,0.27777785062789917,1.0,0.0,5,5,3,4,4,True,ReLU(),pedaling,4,False,run.py,federico,LOCAL
7f80c75673e842019b842aa7e95eb9c1,2,FINISHED,/home/federico/mlruns/2/7f80c75673e842019b842aa7e95eb9c1/artifacts,2022-03-09 13:48:29.496000+00:00,2022-03-09 15:48:59.152000+00:00,2.782930410216873e-13,0.2721196711063385,0.27743592858314514,1.3444492312733155e-24,0.2718777060508728,0.21593420207500458,58.535863144066376,58.53586196899414,2.782930407386336e-13,1.3444492120518032e-24,0.29767757654190063,0.5491061210632324,0.559377133846283,0.010592041537165642,0.28168508410453796,0.27209505438804626,39.0,7.568010330200195,7.568010140280641,0.1666666716337204,0.1863769292831421,0.2454545497894287,0.27731063961982727,0.27769193053245544,0.01666666753590107,0.3583333194255829,0.27722838521003723,0.28947368264198303,0.0416666679084301,5,5,3,4,4,True,ReLU(),pedaling,4,True,run.py,federico,LOCAL
31a29a03101e486fae89c3451b14a552,2,FINISHED,/home/federico/mlruns/2/31a29a03101e486fae89c3451b14a552/artifacts,2022-03-09 11:50:39.682000+00:00,2022-03-09 13:48:29.203000+00:00,0.0,0.27285197377204895,,0.0,0.2719839811325073,0.21188949048519135,,,0.0,0.0,0.288491427898407,0.2719839811325073,0.28107962012290955,-0.002215493004769087,0.28107962012290955,0.2728602886199951,39.0,,,,,,,,,,,,,5,5,3,4,4,False,,pedaling,4,False,run.py,federico,LOCAL
acd88941ed1949f3975234210a237621,2,FINISHED,/home/federico/mlruns/2/acd88941ed1949f3975234210a237621/artifacts,2022-03-09 09:49:39.719000+00:00,2022-03-09 11:50:39.656000+00:00,4.052274554733156e-09,0.28716224431991577,,1.252555132359319e-16,0.2889007031917572,0.205007404088974,41.0026231784239,41.00262451171875,4.052274515942145e-09,1.2525551508103266e-16,0.29539141058921814,0.2889007031917572,0.2884279191493988,0.015057212673127651,0.2884279191493988,0.2865563631057739,39.0,6.288873672485352,6.288873651720544,,,,,,,,,,,5,3,3,4,4,False,ReLU(),pedaling,4,True,run.py,federico,LOCAL
17f77962536d48039d13f4c1860c81ec,2,FINISHED,/home/federico/mlruns/2/17f77962536d48039d13f4c1860c81ec/artifacts,2022-03-09 07:00:05.914000+00:00,2022-03-09 09:49:39.640000+00:00,0.0,0.28756827116012573,0.2835821211338043,0.0,0.28971067070961,0.17810790240764618,,,0.0,0.0,0.2877142131328583,0.5732927322387695,0.5916138887405396,-0.001166006550192833,0.30960801243782043,0.28783825039863586,34.0,,,0.0,0.1666666716337204,0.0,0.2835821211338043,0.2820057272911072,0.0,0.0,0.28358206152915955,1.0,0.0,5,3,3,4,4,True,ReLU(),pedaling,4,False,run.py,federico,LOCAL
68df2e6b538e4e72a1012beb0c2cb5a1,2,FINISHED,/home/federico/mlruns/2/68df2e6b538e4e72a1012beb0c2cb5a1/artifacts,2022-03-09 05:55:58.202000+00:00,2022-03-09 07:00:05.833000+00:00,,,,,,,,,,,,,,-1.0,,inf,19.0,,,0.0,0.1666666716337204,0.0,inf,,0.0,0.0,,1.0,0.0,5,3,3,4,4,True,ReLU(),pedaling,4,True,run.py,federico,LOCAL
ccca645281634bb88795a792b3b2e484,2,FINISHED,/home/federico/mlruns/2/ccca645281634bb88795a792b3b2e484/artifacts,2022-03-09 03:57:50.040000+00:00,2022-03-09 05:55:57.905000+00:00,0.0,0.28127580881118774,,0.0,0.2826414108276367,0.20350033044815063,,,0.0,0.0,0.28974488377571106,0.2826414108276367,0.2893153429031372,0.0048619830049574375,0.2893153429031372,0.2801458537578583,39.0,,,,,,,,,,,,,5,3,3,4,4,False,,pedaling,4,False,run.py,federico,LOCAL
839a0f8e5b884a0ba4ab80d889330cf4,2,FINISHED,/home/federico/mlruns/2/839a0f8e5b884a0ba4ab80d889330cf4/artifacts,2022-03-09 02:06:15.644000+00:00,2022-03-09 03:57:50.020000+00:00,1.819070262004733e-13,0.29512229561805725,,2.461493775917603e-25,0.2932572066783905,0.20473763346672058,85.46007638452723,85.46007537841797,1.819070203712761e-13,2.4614937829507586e-25,0.3003261387348175,0.2932572066783905,0.2961653172969818,0.006562348455190659,0.2961653172969818,0.29317599534988403,36.0,9.021751403808594,9.021751232728327,,,,,,,,,,,5,5,3,4,2,False,ReLU(),pedaling,4,True,run.py,federico,LOCAL
c8aa41b3f8784cf08563322e13c4a653,2,FINISHED,/home/federico/mlruns/2/c8aa41b3f8784cf08563322e13c4a653/artifacts,2022-03-08 22:56:44.157000+00:00,2022-03-09 02:06:15.567000+00:00,0.0,0.28996241092681885,0.2772568166255951,0.0,0.28738483786582947,0.19871211051940918,,,0.0,0.0,0.29078251123428345,0.5650286674499512,0.5741086006164551,0.0016184874111786485,0.2963543236255646,0.2883942425251007,36.0,,,0.18571428954601288,0.1642063558101654,0.2571428716182709,0.27704769372940063,0.27775394916534424,0.0357142873108387,0.05000000074505806,0.27764376997947693,0.23999999463558197,0.21666666865348816,5,5,3,4,2,True,ReLU(),pedaling,4,False,run.py,federico,LOCAL
a65787c17c254e3584d1802628f279b5,2,FINISHED,/home/federico/mlruns/2/a65787c17c254e3584d1802628f279b5/artifacts,2022-03-08 20:55:34.209000+00:00,2022-03-08 22:56:44.086000+00:00,4.732353416883302e-09,0.2936415374279022,0.27923792600631714,8.354582420300703e-17,0.2932204008102417,0.20577020943164825,28.247392681405465,28.247392654418945,4.73235362008495e-09,8.354582292287433e-17,0.30054202675819397,0.5730851888656616,0.5707913041114807,0.0073830788023769855,0.2930319607257843,0.29222023487091064,39.0,5.207291603088379,5.207291515092441,0.0416666679084301,0.1904771327972412,0.20909090340137482,0.27899640798568726,0.27775895595550537,0.10000000149011612,0.5249999761581421,0.2798648774623871,0.17543859779834747,0.09166666865348816,5,5,3,4,2,True,ReLU(),pedaling,4,True,run.py,federico,LOCAL
18eac5e34dcb4ab489efd574f80114db,2,FINISHED,/home/federico/mlruns/2/18eac5e34dcb4ab489efd574f80114db/artifacts,2022-03-08 18:58:24.506000+00:00,2022-03-08 20:55:33.918000+00:00,0.0,0.29033544659614563,,0.0,0.2865358293056488,0.19618643820285797,,,0.0,0.0,0.28659960627555847,0.2865358293056488,0.29553765058517456,0.004957697354257107,0.29553765058517456,0.2884218990802765,39.0,,,,,,,,,,,,,5,5,3,4,2,False,,pedaling,4,False,run.py,federico,LOCAL
ef6f93e012df4264b6e6985001d96948,2,FINISHED,/home/federico/mlruns/2/ef6f93e012df4264b6e6985001d96948/artifacts,2022-03-08 16:57:25.123000+00:00,2022-03-08 18:58:24.485000+00:00,1.6647743016828254e-13,0.2744562327861786,,2.654819917960116e-25,0.2739068269729614,0.24181397259235382,142.90183203879025,142.90182495117188,1.664774275465103e-13,2.6548198259796214e-25,0.3107026219367981,0.2739068269729614,0.2937791049480438,0.016219940036535263,0.2937791049480438,0.2735438644886017,39.0,11.512723922729492,11.512724039182084,,,,,,,,,,,5,3,3,4,2,False,ReLU(),pedaling,4,True,run.py,federico,LOCAL
732a4356240c4141bfacce7cea652f9d,2,FINISHED,/home/federico/mlruns/2/732a4356240c4141bfacce7cea652f9d/artifacts,2022-03-08 15:10:39.458000+00:00,2022-03-08 16:57:25.017000+00:00,0.0,0.4000683128833771,0.2831437289714813,0.0,0.36493611335754395,0.33676671981811523,,,0.0,0.0,0.42052990198135376,0.6480504870414734,0.7068681120872498,0.0011402203235775232,0.4248623549938202,0.3647706210613251,34.0,,,0.0,0.1666666716337204,0.0,0.28323471546173096,0.28200575709342957,0.0,0.0,0.28311437368392944,1.0,0.0,5,3,3,4,2,True,ReLU(),pedaling,4,False,run.py,federico,LOCAL
22175e981dac4fb08ef3c03766742731,2,FINISHED,/home/federico/mlruns/2/22175e981dac4fb08ef3c03766742731/artifacts,2022-03-08 11:53:33.978000+00:00,2022-03-08 15:10:39.379000+00:00,4.112793707162351e-13,0.2751198709011078,0.2781922519207001,2.0169951844693344e-25,0.2737407088279724,0.24238674342632294,147.4341218915745,128.90902709960938,1.729737907811904e-13,1.881041283975151e-24,0.31368258595466614,0.552669107913971,0.5692959427833557,0.019703784957528114,0.2914527654647827,0.27409979701042175,36.0,10.684268951416016,11.75632318530996,0.5833333134651184,0.18603801727294922,0.0,0.2779441177845001,0.27784299850463867,0.375,0.0,0.2789284586906433,0.15789473056793213,0.0,5,3,3,4,2,True,ReLU(),pedaling,4,True,run.py,federico,LOCAL
18d9b0d7cd55471db7935c9865b538f4,2,FINISHED,/home/federico/mlruns/2/18d9b0d7cd55471db7935c9865b538f4/artifacts,2022-03-08 10:09:36.063000+00:00,2022-03-08 11:53:33.679000+00:00,0.0,0.2756681442260742,,0.0,0.2770071029663086,0.24818752706050873,,,0.0,0.0,0.3061540722846985,0.2770071029663086,0.2924937605857849,0.025706375017762184,0.2924937605857849,0.27470138669013977,34.0,,,,,,,,,,,,,5,3,3,4,2,False,,pedaling,4,False,run.py,federico,LOCAL
60078bc09a6a40f59708b7db782fe6b6,2,FINISHED,/home/federico/mlruns/2/60078bc09a6a40f59708b7db782fe6b6/artifacts,2022-03-08 08:08:30.371000+00:00,2022-03-08 10:09:36.044000+00:00,3.81760285867224e-13,0.28533485531806946,,7.018801157352115e-25,0.28695783019065857,0.20294444262981415,55.81435323619925,55.814353942871094,3.817602972026185e-13,7.018801247817112e-25,0.297666072845459,0.28695783019065857,0.28785592317581177,-0.002079159952700138,0.28785592317581177,0.2833769619464874,39.0,6.764778137207031,6.7647778928183016,,,,,,,,,,,5,5,3,4,1,False,ReLU(),pedaling,4,True,run.py,federico,LOCAL
0919ef3b59eb4f43a354700be2138a82,2,FINISHED,/home/federico/mlruns/2/0919ef3b59eb4f43a354700be2138a82/artifacts,2022-03-08 06:22:49.731000+00:00,2022-03-08 08:08:30.290000+00:00,0.0,0.284888356924057,0.2772858440876007,0.0,0.28194865584373474,0.20042425394058228,,,0.0,0.0,0.2904481887817383,0.5590404868125916,0.5663130879402161,0.0006763542187400162,0.2885904908180237,0.28377774357795715,34.0,,,0.0,0.17726190388202667,0.095238097012043,0.2773422598838806,0.27772319316864014,0.8999999761581421,0.03999999910593033,0.2770918607711792,0.019999999552965164,0.008333333767950535,5,5,3,4,1,True,ReLU(),pedaling,4,False,run.py,federico,LOCAL
cfb66d1e589e4b26bde1b8ca6497da93,2,FINISHED,/home/federico/mlruns/2/cfb66d1e589e4b26bde1b8ca6497da93/artifacts,2022-03-08 02:22:13.185000+00:00,2022-03-08 06:22:49.659000+00:00,2.1382667935240586e-11,0.28454750776290894,0.2772495150566101,2.5432413122508344e-21,0.28523561358451843,0.20718084275722504,33.5777541347357,33.577754974365234,2.1382668205505162e-11,2.5432412810166758e-21,0.2986973524093628,0.5626755356788635,0.5682526230812073,0.0004791655228473246,0.2902531921863556,0.28383567929267883,39.0,5.405697822570801,5.405698002167906,0.49166667461395264,0.16410154104232788,0.33636364340782166,0.2771848142147064,0.2779991626739502,0.0,0.008333333767950535,0.27743980288505554,0.1315789520740509,0.01666666753590107,5,5,3,4,1,True,ReLU(),pedaling,4,True,run.py,federico,LOCAL
0c0ebfa180db44518677dc7cf34c3f8b,2,FINISHED,/home/federico/mlruns/2/0c0ebfa180db44518677dc7cf34c3f8b/artifacts,2022-03-08 00:27:31.272000+00:00,2022-03-08 02:22:12.776000+00:00,0.0,0.2856580317020416,,0.0,0.2858981192111969,0.2055114209651947,,,0.0,0.0,0.2913283705711365,0.2858981192111969,0.28919923305511475,-0.00015492200327571481,0.28919923305511475,0.2849728763103485,38.0,,,,,,,,,,,,,5,5,3,4,1,False,,pedaling,4,False,run.py,federico,LOCAL
5f62c0fdbd5347248daa7655f756bea6,2,FINISHED,/home/federico/mlruns/2/5f62c0fdbd5347248daa7655f756bea6/artifacts,2022-03-07 22:36:39.882000+00:00,2022-03-08 00:27:31.244000+00:00,2.5063122219092606e-13,0.2925218641757965,,2.5101070826828148e-24,0.29156890511512756,0.18442517518997192,227.13487072686243,227.13487243652344,2.5063122150587036e-13,2.5101071390823883e-24,0.2909347712993622,0.29156890511512756,0.28851279616355896,0.0026453319005668163,0.28851279616355896,0.2925877869129181,34.0,14.662764549255371,14.662764437271855,,,,,,,,,,,5,3,3,4,1,False,ReLU(),pedaling,4,True,run.py,federico,LOCAL
436ae595795c4db4ae0df8c1a23b977b,2,FINISHED,/home/federico/mlruns/2/436ae595795c4db4ae0df8c1a23b977b/artifacts,2022-03-07 18:46:35.310000+00:00,2022-03-07 22:36:39.781000+00:00,0.0,0.28020209074020386,0.27777785062789917,0.0,0.2800613045692444,0.18655866384506226,,,0.0,0.0,0.284498393535614,0.5578391551971436,0.5621979832649231,0.010220208205282688,0.28442057967185974,0.28025251626968384,39.0,,,0.0,0.1666666716337204,0.0,0.27777785062789917,0.27777713537216187,0.0,0.0,0.27777785062789917,1.0,0.0,5,3,3,4,1,True,ReLU(),pedaling,4,False,run.py,federico,LOCAL
dffc884a3d1d4b0488502ba7cd08e569,2,FINISHED,/home/federico/mlruns/2/dffc884a3d1d4b0488502ba7cd08e569/artifacts,2022-03-07 16:48:58.484000+00:00,2022-03-07 18:46:35.035000+00:00,1.845826582561453e-13,0.2926784157752991,0.2760780453681946,1.7293422569320862e-24,0.2925984561443329,0.18366345763206482,221.48547921408763,221.4854736328125,1.845826551501173e-13,1.7293422976093104e-24,0.2911781370639801,0.5685665011405945,0.5659254789352417,0.000918361940421164,0.2881409227848053,0.2924337685108185,34.0,14.510878562927246,14.510878146173864,0.008333333767950535,0.1673046201467514,0.1090909093618393,0.2760581970214844,0.27778470516204834,0.824999988079071,0.0,0.27596786618232727,0.061403509229421616,0.0,5,3,3,4,1,True,ReLU(),pedaling,4,True,run.py,federico,LOCAL
3e69b180b7bb435ba005cb89f132fb28,2,FINISHED,/home/federico/mlruns/2/3e69b180b7bb435ba005cb89f132fb28/artifacts,2022-03-07 15:00:13.044000+00:00,2022-03-07 16:48:57.982000+00:00,0.0,0.2914658486843109,,0.0,0.29164084792137146,0.1767544150352478,,,0.0,0.0,0.28826817870140076,0.29164084792137146,0.290137380361557,-0.0040908511728048325,0.290137380361557,0.29142850637435913,34.0,,,,,,,,,,,,,5,3,3,4,1,False,,pedaling,4,False,run.py,federico,LOCAL
266dd1e7ab0c4d5199b92837e99a6e49,2,RUNNING,/home/federico/mlruns/2/266dd1e7ab0c4d5199b92837e99a6e49/artifacts,2022-03-07 15:00:11.434000+00:00,,,,,,,,,,,,,,,,,,,,,,,,,,,,,,,3,5,3,4,4,False,,pedaling,4,False,run.py,federico,LOCAL
6756880bff2942f4a51179bbb86032da,2,RUNNING,/home/federico/mlruns/2/6756880bff2942f4a51179bbb86032da/artifacts,2022-03-07 15:00:09.829000+00:00,,,,,,,,,,,,,,,,,,,,,,,,,,,,,,,3,3,3,4,4,False,,pedaling,4,False,run.py,federico,LOCAL
c21eb6327b4f482a9777c931959cec51,2,RUNNING,/home/federico/mlruns/2/c21eb6327b4f482a9777c931959cec51/artifacts,2022-03-07 14:04:59.395000+00:00,,,,,,,,,,,,,,,,,,,,,,,,,,,,,,,3,5,3,4,2,False,,pedaling,4,False,run.py,federico,LOCAL
db585795f5dd4d3fa341b2e83e79c5c7,2,RUNNING,/home/federico/mlruns/2/db585795f5dd4d3fa341b2e83e79c5c7/artifacts,2022-03-07 13:46:53.894000+00:00,,,,,,,,,,,,,,,,,,,,,,,,,,,,,,,3,3,3,4,2,False,,pedaling,4,False,run.py,federico,LOCAL
2cc0eb33b8ad427b96dd33029622db9c,2,FINISHED,/home/federico/mlruns/2/2cc0eb33b8ad427b96dd33029622db9c/artifacts,2022-03-04 20:46:08.530000+00:00,2022-03-05 08:06:34.873000+00:00,,,,,,,,,,,,,,-1.0,,inf,19.0,,,,,,,,,,,,,3,5,3,4,1,False,ReLU(),pedaling,4,True,run.py,federico,LOCAL
61374a7713ea41e792aee5e7870cf5d8,2,FINISHED,/home/federico/mlruns/2/61374a7713ea41e792aee5e7870cf5d8/artifacts,2022-03-02 22:12:31.170000+00:00,2022-03-04 20:46:07.544000+00:00,0.0,0.2729558050632477,0.27777785062789917,0.0,0.2728757858276367,0.20805498957633972,,,0.0,0.0,0.28726011514663696,0.5506536364555359,0.5586622357368469,0.0031585346441715956,0.28088441491127014,0.2729952335357666,39.0,,,0.0,0.1666666716337204,0.0,0.27777785062789917,0.27777713537216187,0.0,0.0,0.27777785062789917,1.0,0.0,3,5,3,4,1,True,ReLU(),pedaling,4,False,run.py,federico,LOCAL
3b27c4923521483c9855ffe3c4983e1c,2,FINISHED,/home/federico/mlruns/2/3b27c4923521483c9855ffe3c4983e1c/artifacts,2022-03-02 01:13:09.628000+00:00,2022-03-02 22:12:30.162000+00:00,,,,,,,,,,,,,,-1.0,,inf,19.0,,,0.0,0.1666666716337204,0.0,inf,,0.0,0.0,,1.0,0.0,3,5,3,4,1,True,ReLU(),pedaling,4,True,run.py,federico,LOCAL
8764660eb9e14759bf5dc1c8621a8732,2,FINISHED,/home/federico/mlruns/2/8764660eb9e14759bf5dc1c8621a8732/artifacts,2022-03-01 15:12:52.205000+00:00,2022-03-02 01:13:07.578000+00:00,0.0,0.4253464341163635,,0.0,0.4253382384777069,0.2146594524383545,,,0.0,0.0,0.38884517550468445,0.4253382384777069,0.42195114493370056,-0.0005621981108561158,0.42195114493370056,0.42469286918640137,38.0,,,,,,,,,,,,,3,5,3,4,1,False,,pedaling,4,False,run.py,federico,LOCAL
181408ce9ceb46a0b8e94c9fe236e7c9,2,FINISHED,/home/federico/mlruns/2/181408ce9ceb46a0b8e94c9fe236e7c9/artifacts,2022-03-01 04:46:50.602000+00:00,2022-03-01 15:12:50.131000+00:00,,,,,,,,,,,,,,-1.0,,inf,19.0,,,,,,,,,,,,,3,3,3,4,1,False,,pedaling,4,False,run.py,federico,LOCAL
cf89587a978442da8c17ba1d978d2d18,2,FINISHED,/home/federico/mlruns/2/cf89587a978442da8c17ba1d978d2d18/artifacts,2022-03-01 02:49:52.226000+00:00,2022-03-01 04:46:50.590000+00:00,1.1453754571864956e-12,0.2837315797805786,,4.683877401967862e-24,0.2841874659061432,0.19078317284584045,1.0075905249843204,1.0075905323028564,1.1453754611423506e-12,4.683877078047687e-24,0.29362186789512634,0.2841874659061432,0.2837914824485779,0.0038853671867400408,0.2837914824485779,0.28368866443634033,39.0,1.6930874586105347,1.6930873950484395,,,,,,,,,,,5,5,2,4,4,False,ReLU(),pedaling,4,True,run.py,federico,LOCAL
604ede8a9732453dbe536015bd210d3a,2,FINISHED,/home/federico/mlruns/2/604ede8a9732453dbe536015bd210d3a/artifacts,2022-03-01 00:04:50.536000+00:00,2022-03-01 02:49:52.168000+00:00,0.0,0.29910808801651,0.27777817845344543,0.0,0.31074729561805725,0.17011506855487823,,,0.0,0.0,0.2971840798854828,0.5885255932807922,0.5879104733467102,0.012851536273956299,0.31013286113739014,0.3005749583244324,34.0,,,0.0,0.16500000655651093,0.0,0.2777782380580902,0.27777713537216187,0.0,0.0,0.2777782082557678,0.9900000095367432,0.0,5,5,2,4,4,True,ReLU(),pedaling,4,False,run.py,federico,LOCAL
054f06ced0e447368bee64a5fe1c9648,2,FINISHED,/home/federico/mlruns/2/054f06ced0e447368bee64a5fe1c9648/artifacts,2022-02-28 21:01:04.953000+00:00,2022-03-01 00:04:50.484000+00:00,2.5204305919593197e-12,0.2834775447845459,0.2770129144191742,2.335039915152547e-24,0.2842586636543274,0.19080977141857147,0.3217121506128322,0.616410493850708,8.903287178688157e-13,1.7118075349576401e-23,0.29390907287597656,0.561093270778656,0.5603569149971008,0.010964722372591496,0.2826147973537445,0.28344401717185974,36.0,1.5179392099380493,1.394399560767565,0.05000000074505806,0.16521796584129333,0.12727272510528564,0.27699342370033264,0.27774205803871155,0.07500000298023224,0.05000000074505806,0.2768344581127167,0.6140350699424744,0.07500000298023224,5,5,2,4,4,True,ReLU(),pedaling,4,True,run.py,federico,LOCAL
0bf25905b8564bf0977aa9c5b7ddb29b,2,FINISHED,/home/federico/mlruns/2/0bf25905b8564bf0977aa9c5b7ddb29b/artifacts,2022-02-28 19:04:11.911000+00:00,2022-02-28 21:01:04.712000+00:00,0.0,0.28305065631866455,,0.0,0.2834045886993408,0.18642766773700714,,,0.0,0.0,0.28718504309654236,0.2834045886993408,0.2854629158973694,0.0033295927569270134,0.2854629158973694,0.2828666567802429,39.0,,,,,,,,,,,,,5,5,2,4,4,False,,pedaling,4,False,run.py,federico,LOCAL
8095da9507e140a1b2bb47972472643a,2,FINISHED,/home/federico/mlruns/2/8095da9507e140a1b2bb47972472643a/artifacts,2022-02-28 17:04:24.639000+00:00,2022-02-28 19:04:11.893000+00:00,3.473601711674374,0.34375253319740295,,5.152645111083984,0.3439410626888275,0.33802589774131775,17.071747896591564,17.071748733520508,3.473601818084717,5.152645312646185,0.41433992981910706,0.3439410626888275,0.3964933753013611,0.004005100578069687,0.3964933753013611,0.3432953953742981,39.0,3.0507655143737793,3.0507653877881866,,,,,,,,,,,5,3,2,4,4,False,ReLU(),pedaling,4,True,run.py,federico,LOCAL
11249e562cfe415e9b5d4e785620052e,2,FINISHED,/home/federico/mlruns/2/11249e562cfe415e9b5d4e785620052e/artifacts,2022-02-28 13:23:07.295000+00:00,2022-02-28 17:04:24.417000+00:00,0.0,0.38894739747047424,0.27632030844688416,0.0,0.38868680596351624,0.20070390403270721,,,0.0,0.0,0.3626309037208557,0.6651988625526428,0.6593347787857056,0.004884885624051094,0.38168978691101074,0.38713860511779785,37.0,,,0.12857143580913544,0.17424602806568146,0.523809552192688,0.27626195549964905,0.2776448428630829,0.02142857201397419,0.2199999988079071,0.2765120565891266,0.10999999940395355,0.0416666679084301,5,3,2,4,4,True,ReLU(),pedaling,4,False,run.py,federico,LOCAL
a20114d761364287b3b744342b9b37e2,2,FINISHED,/home/federico/mlruns/2/a20114d761364287b3b744342b9b37e2/artifacts,2022-02-28 11:37:44.787000+00:00,2022-02-28 13:23:07.221000+00:00,8109247.327736909,0.35768505930900574,0.27860698103904724,26336764624896.0,0.3576850891113281,0.34174856543540955,3.2090168361679288,3.209016799926758,8109247.5,26336764317226.848,0.43587300181388855,0.6362919807434082,0.6743692755699158,0.0,0.3964933753013611,0.35768505930900574,34.0,1.3908030986785889,1.3908030833161742,0.0,0.1666666716337204,0.0,0.27860698103904724,0.27787598967552185,0.0,1.0,0.27860692143440247,0.0,0.0,5,3,2,4,4,True,ReLU(),pedaling,4,True,run.py,federico,LOCAL
154622bc94834697877f71762fa95d99,2,FINISHED,/home/federico/mlruns/2/154622bc94834697877f71762fa95d99/artifacts,2022-02-28 09:41:27.705000+00:00,2022-02-28 11:37:44.498000+00:00,0.0,0.3868328034877777,,0.0,0.385898619890213,0.19784270226955414,,,0.0,0.0,0.3578159511089325,0.385898619890213,0.3821864128112793,0.006047045346349478,0.3821864128112793,0.3863186240196228,39.0,,,,,,,,,,,,,5,3,2,4,4,False,,pedaling,4,False,run.py,federico,LOCAL
43286eca057a44078af0688b307597ef,2,FINISHED,/home/federico/mlruns/2/43286eca057a44078af0688b307597ef/artifacts,2022-02-19 04:19:25.136000+00:00,2022-02-19 06:17:35.085000+00:00,7.248810849486835e-13,0.35044223070144653,,1.3534993394008504e-24,0.3497275710105896,0.1809728741645813,0.13722136174280486,0.13722136616706848,7.248810926507865e-13,1.3534993388810591e-24,0.32452651858329773,0.3497275710105896,0.33667993545532227,0.005154556594789028,0.33667993545532227,0.34954285621643066,39.0,1.3195538520812988,1.31955385743402,,,,,,,,,,,5,5,2,4,2,False,ReLU(),pedaling,4,True,run.py,federico,LOCAL
821df3dcf9b540a6847aabcd0c4c94de,2,FINISHED,/home/federico/mlruns/2/821df3dcf9b540a6847aabcd0c4c94de/artifacts,2022-02-19 01:32:46.334000+00:00,2022-02-19 04:19:25.077000+00:00,0.0,0.29510998725891113,0.27777785062789917,0.0,0.32335057854652405,0.17161156237125397,,,0.0,0.0,0.30513158440589905,0.6011284589767456,0.5878785848617554,-3.183002379109279e-16,0.3101004958152771,0.29866909980773926,34.0,,,0.0,0.1666666716337204,0.0,0.27777785062789917,0.27777713537216187,0.0,0.0,0.27777785062789917,1.0,0.0,5,5,2,4,2,True,ReLU(),pedaling,4,False,run.py,federico,LOCAL
90acde9936de4408be63f9cbb10aada0,2,FINISHED,/home/federico/mlruns/2/90acde9936de4408be63f9cbb10aada0/artifacts,2022-02-18 22:01:57.111000+00:00,2022-02-19 01:32:46.278000+00:00,1.6184329552385568e-09,0.3505943715572357,0.27692967653274536,8.126709857294467e-19,0.35349777340888977,0.18147724866867065,-0.945831860965967,-0.945831835269928,1.6184329432178401e-09,8.12670963843759e-19,0.32641348242759705,0.6305091381072998,0.6150573492050171,0.001980589469894767,0.33735227584838867,0.34846821427345276,36.0,-0.8158923983573914,-0.8158923765565067,0.02500000037252903,0.17188994586467743,0.11818181723356247,0.2769419848918915,0.2777049243450165,0.6000000238418579,0.10000000149011612,0.2770114541053772,0.09649122506380081,0.09166666865348816,5,5,2,4,2,True,ReLU(),pedaling,4,True,run.py,federico,LOCAL
51b0291daa024d2390d22032a17ad3f6,2,FINISHED,/home/federico/mlruns/2/51b0291daa024d2390d22032a17ad3f6/artifacts,2022-02-18 20:05:57.106000+00:00,2022-02-18 22:01:56.724000+00:00,0.0,0.3417899012565613,,0.0,0.3406333327293396,0.18098184466362,,,0.0,0.0,0.3255315124988556,0.3406333327293396,0.33898788690567017,0.003026344580575824,0.33898788690567017,0.3417899012565613,39.0,,,,,,,,,,,,,5,5,2,4,2,False,,pedaling,4,False,run.py,federico,LOCAL
4cb0580bdfd547249a8163dd1c74d7d5,2,FINISHED,/home/federico/mlruns/2/4cb0580bdfd547249a8163dd1c74d7d5/artifacts,2022-02-18 11:54:15.930000+00:00,2022-02-18 13:54:24.820000+00:00,2.3999172734575356e-13,0.2755964696407318,,4.5705890873690725e-25,0.27337586879730225,0.21649809181690216,80.5915640962125,80.59156799316406,2.399917287468356e-13,4.5705889919813445e-25,0.3062358796596527,0.27337586879730225,0.28821736574172974,0.010706235654652119,0.28821736574172974,0.2755964696407318,39.0,8.66480541229248,8.664805344454676,,,,,,,,,,,5,3,2,4,2,False,ReLU(),pedaling,4,True,run.py,federico,LOCAL
282eadf59e8c4073ba9e8df3f7933fc5,2,FINISHED,/home/federico/mlruns/2/282eadf59e8c4073ba9e8df3f7933fc5/artifacts,2022-02-18 08:06:28.115000+00:00,2022-02-18 11:54:15.860000+00:00,0.0,0.2956677973270416,0.2835821211338043,0.0,0.29565438628196716,0.17348919808864594,,,0.0,0.0,0.2890423536300659,0.5792365670204163,0.5730530619621277,0.00332120549865067,0.2952754497528076,0.29572397470474243,39.0,,,0.0,0.1666666716337204,0.0,0.2835821211338043,0.27777713537216187,0.0,0.0,0.28358206152915955,1.0,0.0,5,3,2,4,2,True,ReLU(),pedaling,4,False,run.py,federico,LOCAL
6d091bed02a146968c9c02a2370dd6c7,2,FINISHED,/home/federico/mlruns/2/6d091bed02a146968c9c02a2370dd6c7/artifacts,2022-02-18 05:15:17.039000+00:00,2022-02-18 08:06:28.040000+00:00,5.567408070091735e-13,0.2756361961364746,0.2762890160083771,3.3286816664941404e-25,0.2755328416824341,0.2224894016981125,74.63759331642876,63.99102783203125,2.6065532111180234e-13,2.1550932710136075e-24,0.30449041724205017,0.5515349507331848,0.5680236220359802,0.009180646389722824,0.29004696011543274,0.2754705250263214,34.0,7.384092807769775,8.215969354496211,0.10833333432674408,0.17630913853645325,0.036363635212183,0.27620363235473633,0.2779765725135803,0.699999988079071,0.06666667014360428,0.2760022282600403,0.09649122506380081,0.05000000074505806,5,3,2,4,2,True,ReLU(),pedaling,4,True,run.py,federico,LOCAL
07ffa93bf3e14ab784e4f61604de8ea1,2,FINISHED,/home/federico/mlruns/2/07ffa93bf3e14ab784e4f61604de8ea1/artifacts,2022-02-18 03:15:22.434000+00:00,2022-02-18 05:15:16.758000+00:00,0.0,0.2800757884979248,,0.0,0.2839110791683197,0.2340361624956131,,,0.0,0.0,0.3076760768890381,0.2839110791683197,0.28855273127555847,0.0046716611832380295,0.28855273127555847,0.2786327004432678,37.0,,,,,,,,,,,,,5,3,2,4,2,False,,pedaling,4,False,run.py,federico,LOCAL
f5b538b4a72942f7b33c3019f26bc18f,2,FINISHED,/home/federico/mlruns/2/f5b538b4a72942f7b33c3019f26bc18f/artifacts,2022-02-18 01:16:03.438000+00:00,2022-02-18 03:15:22.421000+00:00,2.2009229762177403e-12,0.27886104583740234,,1.2820073604725216e-23,0.2787773609161377,0.2140587568283081,0.3212060239248835,0.3212060332298279,2.200923037570801e-12,1.2820073262637922e-23,0.29867544770240784,0.2787773609161377,0.28142887353897095,0.0026757423765957355,0.28142887353897095,0.2786220610141754,35.0,1.3940651416778564,1.3940651706515013,,,,,,,,,,,5,5,2,4,1,False,ReLU(),pedaling,4,True,run.py,federico,LOCAL
f4311de4db454b44baa235fa0acd20ba,2,FINISHED,/home/federico/mlruns/2/f4311de4db454b44baa235fa0acd20ba/artifacts,2022-02-17 21:09:35.316000+00:00,2022-02-18 01:16:03.379000+00:00,0.0,0.28095224499702454,0.27705153822898865,0.0,0.2809576094150543,0.18921054899692535,,,0.0,0.0,0.28707271814346313,0.558018147945404,0.5624324679374695,-0.0013918888289481401,0.2846549153327942,0.28099873661994934,39.0,,,0.014285714365541935,0.16904762387275696,0.0,0.27705010771751404,0.27777713537216187,0.0,0.0,0.27706068754196167,1.0,0.0,5,5,2,4,1,True,ReLU(),pedaling,4,False,run.py,federico,LOCAL
229137d4f4ac42d1bd9061c8419e4e96,2,FINISHED,/home/federico/mlruns/2/229137d4f4ac42d1bd9061c8419e4e96/artifacts,2022-02-17 17:04:18.859000+00:00,2022-02-17 21:09:35.221000+00:00,1.0007750751059373e-11,0.2786533832550049,0.2765902280807495,2.6440464268281424e-22,0.27795901894569397,0.21507595479488373,0.274004453901608,0.2740044593811035,1.0007750704532636e-11,2.644046435640589e-22,0.29871633648872375,0.5545452237129211,0.559425950050354,0.0018079845467582345,0.2815573215484619,0.27853140234947205,39.0,1.3748538494110107,1.3748538199531517,0.008333333767950535,0.20059144496917725,0.16363635659217834,0.2765684723854065,0.27786844968795776,0.15000000596046448,0.7250000238418579,0.2765861749649048,0.1315789520740509,0.02500000037252903,5,5,2,4,1,True,ReLU(),pedaling,4,True,run.py,federico,LOCAL
cdf84438b8c3459d84b588aa8562456f,2,FINISHED,/home/federico/mlruns/2/cdf84438b8c3459d84b588aa8562456f/artifacts,2022-02-17 14:49:38.174000+00:00,2022-02-17 17:04:18.572000+00:00,0.0,0.27733951807022095,,0.0,0.27792420983314514,0.21093414723873138,,,0.0,0.0,0.29137980937957764,0.27792420983314514,0.28184443712234497,0.00842888280749321,0.28184443712234497,0.2773504853248596,39.0,,,,,,,,,,,,,5,5,2,4,1,False,,pedaling,4,False,run.py,federico,LOCAL
0abb1a7e6c704fbf834bcf559ff9b24b,2,FINISHED,/home/federico/mlruns/2/0abb1a7e6c704fbf834bcf559ff9b24b/artifacts,2022-02-17 13:00:27.706000+00:00,2022-02-17 14:49:38.153000+00:00,1.886227256040673e-13,0.35402795672416687,,1.727903966286642e-24,0.3534640669822693,0.17925392091274261,86.15686855994682,86.15686798095703,1.8862273125797718e-13,1.72790388730156e-24,0.3229260742664337,0.3534640669822693,0.3379347324371338,-0.0009765588329173625,0.3379347324371338,0.35366037487983704,35.0,9.215476036071777,9.21547577101664,,,,,,,,,,,5,3,2,4,1,False,ReLU(),pedaling,4,True,run.py,federico,LOCAL
fdc2d2696b4c436184c14b9c59e8cb8b,2,FINISHED,/home/federico/mlruns/2/fdc2d2696b4c436184c14b9c59e8cb8b/artifacts,2022-02-17 09:45:14.424000+00:00,2022-02-17 13:00:27.471000+00:00,0.0,0.33730095624923706,0.2783906161785126,0.0,0.3452506959438324,0.17385020852088928,,,0.0,0.0,0.2944791913032532,0.6237925291061401,0.6188159584999084,-0.004370231181383133,0.34086477756500244,0.3337218761444092,36.0,,,1.0,0.16785714030265808,0.0,0.2783011198043823,0.277951717376709,0.0071428571827709675,0.0,0.2785417437553406,0.0,0.0,5,3,2,4,1,True,ReLU(),pedaling,4,False,run.py,federico,LOCAL
536e4b785c2e4cb385f38238a06e131d,2,FINISHED,/home/federico/mlruns/2/536e4b785c2e4cb385f38238a06e131d/artifacts,2022-02-17 06:43:14.817000+00:00,2022-02-17 09:45:14.350000+00:00,4.652967024353499e-10,0.35653987526893616,0.27926719188690186,4.788121017090364e-19,0.356879860162735,0.1802673041820526,29.066843350506012,28.06627082824707,1.4816244064963513e-10,4.949229187541991e-18,0.32526010274887085,0.6362254619598389,0.6158186793327332,-5.818754289066419e-05,0.3380524814128876,0.3546155095100403,34.0,5.341979503631592,5.423011222148219,0.0,0.16325756907463074,0.9545454382896423,0.27926433086395264,0.2777661383152008,0.02500000037252903,0.0,0.2793457806110382,0.0,0.0,5,3,2,4,1,True,ReLU(),pedaling,4,True,run.py,federico,LOCAL
ad1cb88116da48e7a1f6832d0067d0b8,2,FINISHED,/home/federico/mlruns/2/ad1cb88116da48e7a1f6832d0067d0b8/artifacts,2022-02-17 04:47:04.611000+00:00,2022-02-17 06:43:14.521000+00:00,0.0,0.33624428510665894,,0.0,0.31934332847595215,0.17276860773563385,,,0.0,0.0,0.30202433466911316,0.31934332847595215,0.34165436029434204,-0.004081629682332277,0.34165436029434204,0.33624428510665894,39.0,,,,,,,,,,,,,5,3,2,4,1,False,,pedaling,4,False,run.py,federico,LOCAL
86b639058d63412f88f98791027b17c6,2,RUNNING,/home/federico/mlruns/2/86b639058d63412f88f98791027b17c6/artifacts,2022-02-17 04:46:28.637000+00:00,,,,,,,,,,,,,,,,,,,,,,,,,,,,,,,3,5,2,4,4,False,,pedaling,4,False,run.py,federico,LOCAL
60ff280d667f4e0fbc31761c4ed5ab07,2,RUNNING,/home/federico/mlruns/2/60ff280d667f4e0fbc31761c4ed5ab07/artifacts,2022-02-17 04:46:04.129000+00:00,,,,,,,,,,,,,,,,,,,,,,,,,,,,,,,3,3,2,4,4,False,,pedaling,4,False,run.py,federico,LOCAL
22f33ee037ed4d66a9a36710f40494f5,2,FINISHED,/home/federico/mlruns/2/22f33ee037ed4d66a9a36710f40494f5/artifacts,2022-02-17 02:48:54.268000+00:00,2022-02-17 04:46:04.097000+00:00,1.6192211687926515e-13,0.32094570994377136,,4.212738607971731e-25,0.32133346796035767,0.18861886858940125,98.81674933152554,98.8167495727539,1.6192211146123098e-13,4.212738377137685e-25,0.31099316477775574,0.32133346796035767,0.3060923218727112,0.0008159673307090998,0.3060923218727112,0.32044416666030884,37.0,9.935205459594727,9.935205522841677,,,,,,,,,,,3,5,2,4,2,False,ReLU(),pedaling,4,True,run.py,federico,LOCAL
cf9d20f65cc84e9cb631a0e394098664,2,FINISHED,/home/federico/mlruns/2/cf9d20f65cc84e9cb631a0e394098664/artifacts,2022-02-17 01:00:35.964000+00:00,2022-02-17 02:48:54.161000+00:00,0.0,0.28955376148223877,0.2777884006500244,0.0,0.2769601345062256,0.19291946291923523,,,0.0,0.0,0.2846682071685791,0.5547285079956055,0.589266300201416,0.00010083849338116124,0.3114887475967407,0.2870071828365326,34.0,,,0.0,0.1666666716337204,0.0,0.2777879238128662,0.27777713537216187,0.0,0.0,0.2777683734893799,1.0,0.0,3,5,2,4,2,True,ReLU(),pedaling,4,False,run.py,federico,LOCAL
021e362c338b47138cb82872d902eae2,2,FINISHED,/home/federico/mlruns/2/021e362c338b47138cb82872d902eae2/artifacts,2022-02-16 21:02:26.409000+00:00,2022-02-17 01:00:35.858000+00:00,2.094719143971925e-09,0.32120001316070557,0.2775421142578125,3.290088717989251e-17,0.31847572326660156,0.18785470724105835,52.37642379495958,52.37642288208008,2.094719064871242e-09,3.2900886189377115e-17,0.30594947934150696,0.5927637219429016,0.584105372428894,-0.0019750262144953012,0.3063068091869354,0.31961944699287415,39.0,7.272050380706787,7.272050492869437,0.09166666865348816,0.17230196297168732,0.16363635659217834,0.2773309051990509,0.2777990400791168,0.17499999701976776,0.20000000298023224,0.2742878794670105,0.07017543911933899,0.3333333432674408,3,5,2,4,2,True,ReLU(),pedaling,4,True,run.py,federico,LOCAL
e77dd9f724e64af78b909b608fff97a5,2,FINISHED,/home/federico/mlruns/2/e77dd9f724e64af78b909b608fff97a5/artifacts,2022-02-16 19:02:17.120000+00:00,2022-02-16 21:02:26.074000+00:00,0.0,0.3118717074394226,,0.0,0.3131965696811676,0.18360882997512817,,,0.0,0.0,0.30682364106178284,0.3131965696811676,0.3085743486881256,-0.0011790350545197725,0.3085743486881256,0.31134581565856934,39.0,,,,,,,,,,,,,3,5,2,4,2,False,,pedaling,4,False,run.py,federico,LOCAL
017f2733f54c4fd78b555ecf6cac32fd,2,RUNNING,/home/federico/mlruns/2/017f2733f54c4fd78b555ecf6cac32fd/artifacts,2022-02-16 19:01:45.670000+00:00,,,,,,,,,,,,,,,,,,,,,,,,,,,,,,,3,3,2,4,2,False,,pedaling,4,False,run.py,federico,LOCAL
39cb64dbd542496fb3da99a5266b8881,2,FINISHED,/home/federico/mlruns/2/39cb64dbd542496fb3da99a5266b8881/artifacts,2022-02-16 16:25:24.481000+00:00,2022-02-16 19:01:45.623000+00:00,1.6291261148726555e-14,0.28926825523376465,,5.814698046467153e-26,0.28924301266670227,0.18229325115680695,670.2490105667121,670.2490234375,1.6291260807282763e-14,5.814698001605438e-26,0.2911913990974426,0.28924301266670227,0.28752294182777405,0.0013081843499094248,0.28752294182777405,0.28926751017570496,34.0,25.8370304107666,25.83702954397267,,,,,,,,,,,3,5,2,4,1,False,ReLU(),pedaling,4,True,run.py,federico,LOCAL
4cfd764d6dec493bb1f9acbd7e850bab,2,FINISHED,/home/federico/mlruns/2/4cfd764d6dec493bb1f9acbd7e850bab/artifacts,2022-02-16 11:16:43.911000+00:00,2022-02-16 16:25:24.305000+00:00,0.0,0.2866479158401489,0.2777743637561798,0.0,0.2866343855857849,0.17907525599002838,,,0.0,0.0,0.28584399819374084,0.5644096732139587,0.5663282871246338,0.04375069588422775,0.28855064511299133,0.28665196895599365,39.0,,,0.0,0.1663888841867447,0.0,0.27777454257011414,0.27777713537216187,0.0,0.0,0.27777519822120667,0.9900000095367432,0.008333333767950535,3,5,2,4,1,True,ReLU(),pedaling,4,False,run.py,federico,LOCAL
eb62c84d2f234fe4a34dd3280b5e516b,2,FINISHED,/home/federico/mlruns/2/eb62c84d2f234fe4a34dd3280b5e516b/artifacts,2022-02-16 07:33:20.833000+00:00,2022-02-16 11:16:43.742000+00:00,1.9395519477320618e-14,0.28926339745521545,0.27806276082992554,8.649262633391239e-26,0.2892613112926483,0.18233998119831085,670.7002797534119,670.7002563476562,1.9395519668423053e-14,8.649262735338841e-26,0.29125508666038513,0.5670499801635742,0.5653398036956787,-0.0018694582395255566,0.2875206470489502,0.2892630696296692,34.0,25.85000991821289,25.850009920431994,0.07500000298023224,0.17354466021060944,0.16363635659217834,0.2772900462150574,0.27781912684440613,0.6000000238418579,0.01666666753590107,0.2777887284755707,0.05263157933950424,0.13333334028720856,3,5,2,4,1,True,ReLU(),pedaling,4,True,run.py,federico,LOCAL
0088c23e324047e0aa53f27ac26ae038,2,FINISHED,/home/federico/mlruns/2/0088c23e324047e0aa53f27ac26ae038/artifacts,2022-02-16 05:42:34.155000+00:00,2022-02-16 07:33:20.390000+00:00,0.0,0.2873477339744568,,0.0,0.28733912110328674,0.17892973124980927,,,0.0,0.0,0.2865477204322815,0.28733912110328674,0.2890639305114746,0.0010317994747310877,0.2890639305114746,0.28733474016189575,34.0,,,,,,,,,,,,,3,5,2,4,1,False,,pedaling,4,False,run.py,federico,LOCAL
4b01270a7ad84e9caedef82d00588890,2,FINISHED,/home/federico/mlruns/2/4b01270a7ad84e9caedef82d00588890/artifacts,2022-02-16 00:27:02.175000+00:00,2022-02-16 05:42:34.062000+00:00,6.808033390167428e-14,0.2708893418312073,,1.153562888099231e-25,0.27038711309432983,0.22955501079559326,804.9635918748342,804.963623046875,6.808033412193659e-14,1.1535628131114252e-25,0.3043839633464813,0.27038711309432983,0.2840946316719055,0.0008687818772159517,0.2840946316719055,0.2704112231731415,39.0,27.12433624267578,27.124336093984617,,,,,,,,,,,3,3,2,4,1,False,ReLU(),pedaling,4,True,run.py,federico,LOCAL
119dc9bf4e51415ca8521246ed095e05,2,FINISHED,/home/federico/mlruns/2/119dc9bf4e51415ca8521246ed095e05/artifacts,2022-02-15 17:44:31.263000+00:00,2022-02-16 00:27:01.878000+00:00,0.0,0.2872321605682373,0.27777785062789917,0.0,0.2874417304992676,0.178411066532135,,,0.0,0.0,0.28606143593788147,0.565219521522522,0.5887231230735779,0.002929159440100193,0.31094518303871155,0.2872585654258728,34.0,,,0.0,0.1666666716337204,0.0,0.27777785062789917,0.27777713537216187,0.0,0.0,0.27777785062789917,1.0,0.0,3,3,2,4,1,True,ReLU(),pedaling,4,False,run.py,federico,LOCAL
29f34048e905481a828483399ee88149,2,FINISHED,/home/federico/mlruns/2/29f34048e905481a828483399ee88149/artifacts,2022-02-15 10:43:59.100000+00:00,2022-02-15 17:44:30.939000+00:00,5.702575386241915e-14,0.27113109827041626,0.2775387167930603,6.274690235872512e-26,0.27110210061073303,0.22879207134246826,818.8443390921149,818.8443603515625,5.702575456116576e-14,6.274690054182767e-26,0.3032347857952118,0.5477851629257202,0.5618821978569031,0.001549797598272562,0.28407448530197144,0.27061524987220764,34.0,26.981395721435547,26.981396380427515,0.7166666388511658,0.16766346991062164,0.04545454680919647,0.2775134742259979,0.27780744433403015,0.03333333507180214,0.03333333507180214,0.2766830325126648,0.04385964944958687,0.13333334028720856,3,3,2,4,1,True,ReLU(),pedaling,4,True,run.py,federico,LOCAL
ad90607b5d7d4730b915bac14e23326b,2,FINISHED,/home/federico/mlruns/2/ad90607b5d7d4730b915bac14e23326b/artifacts,2022-02-15 08:34:24.546000+00:00,2022-02-15 10:43:58.345000+00:00,0.0,0.27225056290626526,,0.0,0.27295583486557007,0.22587323188781738,,,0.0,0.0,0.29430362582206726,0.27295583486557007,0.2837854325771332,-0.0010537593625485897,0.2837854325771332,0.27184560894966125,38.0,,,,,,,,,,,,,3,3,2,4,1,False,,pedaling,4,False,run.py,federico,LOCAL
88bccface0c24bed9fe8420c2c6e41c1,2,FINISHED,/home/federico/mlruns/2/88bccface0c24bed9fe8420c2c6e41c1/artifacts,2022-02-15 06:50:03.788000+00:00,2022-02-15 08:34:24.533000+00:00,1.894974958287553e-12,0.32377707958221436,,7.212175025479394e-24,0.32377633452415466,0.17179016768932343,-1.462302603969919,-1.462302565574646,1.8949750622831996e-12,7.212175286092632e-24,0.3035838007926941,0.32377633452415466,0.3126300573348999,0.0,0.3126300573348999,0.3237789273262024,34.0,0.7204488515853882,0.7204488419358448,,,,,,,,,,,5,5,1,4,4,False,ReLU(),pedaling,4,True,run.py,federico,LOCAL
6dc2864bcad4448db6d4dcc44b4a9a4f,2,FINISHED,/home/federico/mlruns/2/6dc2864bcad4448db6d4dcc44b4a9a4f/artifacts,2022-02-15 05:06:40.340000+00:00,2022-02-15 06:50:03.727000+00:00,0.0,0.3192044496536255,0.2777779698371887,0.0,0.31919822096824646,0.17073993384838104,,,0.0,0.0,0.3025079369544983,0.5969762802124023,0.5930799245834351,-3.183002379109279e-16,0.31530284881591797,0.3192211389541626,34.0,,,0.0,0.1666666716337204,0.0,0.2777779698371887,0.27777713537216187,0.0,1.0,0.2777777910232544,0.0,0.0,5,5,1,4,4,True,ReLU(),pedaling,4,False,run.py,federico,LOCAL
dce641d6c7bd4ec68f9dc07564ed9f2a,2,FINISHED,/home/federico/mlruns/2/dce641d6c7bd4ec68f9dc07564ed9f2a/artifacts,2022-02-15 03:23:43.872000+00:00,2022-02-15 05:06:40.152000+00:00,1.894974958287553e-12,0.32377707958221436,0.2777777314186096,7.212175025479394e-24,0.32377633452415466,0.17179016768932343,-1.462302603969919,-1.462302565574646,1.8949750622831996e-12,7.212175286092632e-24,0.3035838007926941,0.6015540361404419,0.5904077887535095,0.0,0.3126300573348999,0.3237789273262024,34.0,0.7204488515853882,0.7204488419358448,0.0,0.1666666716337204,0.0,0.2777777314186096,0.27777713537216187,0.0,0.0,0.27777770161628723,1.0,0.0,5,5,1,4,4,True,ReLU(),pedaling,4,True,run.py,federico,LOCAL
5236e5b687c74b938b4f182789745158,2,FINISHED,/home/federico/mlruns/2/5236e5b687c74b938b4f182789745158/artifacts,2022-02-15 01:40:04.233000+00:00,2022-02-15 03:23:43.587000+00:00,0.0,0.31923577189445496,,0.0,0.31923070549964905,0.17074523866176605,,,0.0,0.0,0.3025282621383667,0.31923070549964905,0.3153313398361206,-3.183002379109279e-16,0.3153313398361206,0.3192455470561981,34.0,,,,,,,,,,,,,5,5,1,4,4,False,,pedaling,4,False,run.py,federico,LOCAL
1ead2c14d1f048b0a76fb5e549013161,2,FINISHED,/home/federico/mlruns/2/1ead2c14d1f048b0a76fb5e549013161/artifacts,2022-02-14 23:55:50.659000+00:00,2022-02-15 01:40:04.221000+00:00,3.1124068093754757e-12,0.32496708631515503,,1.0143961591376086e-23,0.32509326934814453,0.17215999960899353,-1.7888592085409283,-1.788859248161316,3.1124068166493712e-12,1.0143961584138003e-23,0.3042988181114197,0.32509326934814453,0.3137417733669281,0.007297425996512175,0.3137417733669281,0.32488760352134705,34.0,0.1410059928894043,0.14100598922673754,,,,,,,,,,,5,3,1,4,4,False,ReLU(),pedaling,4,True,run.py,federico,LOCAL
24daddd35334486083944e03dc2251af,2,FINISHED,/home/federico/mlruns/2/24daddd35334486083944e03dc2251af/artifacts,2022-02-14 20:16:07.298000+00:00,2022-02-14 23:55:50.472000+00:00,0.0,0.2788788080215454,0.27777785062789917,0.0,0.27880141139030457,0.18901051580905914,,,0.0,0.0,0.2845400273799896,0.5565792918205261,0.5612492561340332,0.006013287231326103,0.2834717035293579,0.2789169251918793,39.0,,,0.0,0.1666666716337204,0.0,0.27777785062789917,0.27777713537216187,0.0,0.0,0.27777785062789917,1.0,0.0,5,3,1,4,4,True,ReLU(),pedaling,4,False,run.py,federico,LOCAL
e775aeb5ecd841339eaeac65967bb38d,2,FINISHED,/home/federico/mlruns/2/e775aeb5ecd841339eaeac65967bb38d/artifacts,2022-02-14 18:28:59.408000+00:00,2022-02-14 20:16:07.236000+00:00,3.24896590662291e-12,0.3249424397945404,0.276532381772995,1.1219290234579961e-23,0.3251704275608063,0.1721820831298828,-1.715470706123657,-1.7154706716537476,3.2489659834017415e-12,1.1219290216578824e-23,0.30434998869895935,0.6017199754714966,0.5914344191551208,0.005023603793233633,0.31370699405670166,0.3249686062335968,34.0,0.1862604320049286,0.18626043789091637,0.0,0.14671717584133148,0.26363635063171387,0.2765081524848938,0.27772748470306396,0.0,0.008333333767950535,0.27654945850372314,0.0,0.6083333492279053,5,3,1,4,4,True,ReLU(),pedaling,4,True,run.py,federico,LOCAL
bc507ce02c6042ad88fbdf1587ffdad7,2,FINISHED,/home/federico/mlruns/2/bc507ce02c6042ad88fbdf1587ffdad7/artifacts,2022-02-14 16:41:24.558000+00:00,2022-02-14 18:28:59.133000+00:00,0.0,0.32007068395614624,,0.0,0.32041803002357483,0.17084866762161255,,,0.0,0.0,0.30331090092658997,0.32041803002357483,0.3163108229637146,-0.002316736616194248,0.3163108229637146,0.3200352191925049,34.0,,,,,,,,,,,,,5,3,1,4,4,False,,pedaling,4,False,run.py,federico,LOCAL
c4331e3a901b45119ac1c4b52ef49c8a,2,FINISHED,/home/federico/mlruns/2/c4331e3a901b45119ac1c4b52ef49c8a/artifacts,2022-02-14 14:52:14.621000+00:00,2022-02-14 16:41:24.547000+00:00,4.5274664983827256e-13,0.2848474085330963,,1.0242812568117973e-24,0.280987024307251,0.21128714084625244,1.199999565380554,1.1999995708465576,4.527466455125223e-13,1.0242812155577672e-24,0.30332449078559875,0.280987024307251,0.3111504018306732,0.007175389677286148,0.3111504018306732,0.2843550145626068,34.0,1.7888541221618652,1.7888541390888983,,,,,,,,,,,5,5,1,4,2,False,ReLU(),pedaling,4,True,run.py,federico,LOCAL
ed63daeec8a64c70aed4ba7f080e5d81,2,FINISHED,/home/federico/mlruns/2/ed63daeec8a64c70aed4ba7f080e5d81/artifacts,2022-02-14 11:00:15.756000+00:00,2022-02-14 14:52:14.560000+00:00,0.0,0.28579145669937134,0.27777785062789917,0.0,0.2857486605644226,0.17988310754299164,,,0.0,0.0,0.28560876846313477,0.5635265111923218,0.5657092332839966,0.014669222757220268,0.28793177008628845,0.28587210178375244,39.0,,,0.0,0.1666666716337204,0.0,0.27777785062789917,0.27777713537216187,0.0,0.0,0.27777785062789917,1.0,0.0,5,5,1,4,2,True,ReLU(),pedaling,4,False,run.py,federico,LOCAL
7e4485fe039244aa880133e29b328c81,2,FINISHED,/home/federico/mlruns/2/7e4485fe039244aa880133e29b328c81/artifacts,2022-02-14 08:06:22.045000+00:00,2022-02-14 11:00:15.688000+00:00,1.1997389989947622e-12,0.28530120849609375,0.27732744812965393,1.4644016455841858e-24,0.28325656056404114,0.21481731534004211,1.1999993196276693,1.1999988555908203,5.414447102475295e-13,7.1914533172786e-24,0.3064442574977875,0.5606503486633301,0.5883694887161255,0.006446495186537504,0.3105766177177429,0.2853979468345642,34.0,1.7888537645339966,1.7888540017555583,0.0,0.1867690086364746,0.0,0.2773161828517914,0.2777933180332184,0.7166666388511658,0.0,0.2773936092853546,0.07894736528396606,0.32499998807907104,5,5,1,4,2,True,ReLU(),pedaling,4,True,run.py,federico,LOCAL
ba2e0ac160d2470b86122862c8b70628,2,FINISHED,/home/federico/mlruns/2/ba2e0ac160d2470b86122862c8b70628/artifacts,2022-02-14 06:02:41.776000+00:00,2022-02-14 08:06:21.763000+00:00,0.0,0.29006707668304443,,0.0,0.2894124984741211,0.2154151201248169,,,0.0,0.0,0.3003339171409607,0.2894124984741211,0.3117513656616211,-0.0028997219633311033,0.3117513656616211,0.2896106243133545,39.0,,,,,,,,,,,,,5,5,1,4,2,False,,pedaling,4,False,run.py,federico,LOCAL
03120f128e1e4984b89eb161caab07cb,2,FINISHED,/home/federico/mlruns/2/03120f128e1e4984b89eb161caab07cb/artifacts,2022-02-14 04:12:46.168000+00:00,2022-02-14 06:02:41.764000+00:00,1.239559415181323e-12,0.29249075055122375,,7.682538073382854e-24,0.29249057173728943,0.17995813488960266,1.2000000000000002,1.2000000476837158,1.2395594533448628e-12,7.682537718823317e-24,0.2912133038043976,0.29249057173728943,0.28946998715400696,0.0,0.28946998715400696,0.2924908995628357,34.0,1.7888543605804443,1.7888543819998322,,,,,,,,,,,5,3,1,4,2,False,ReLU(),pedaling,4,True,run.py,federico,LOCAL
deb8a4d9dc4144e2bfb087a7b505115b,2,FINISHED,/home/federico/mlruns/2/deb8a4d9dc4144e2bfb087a7b505115b/artifacts,2022-02-14 01:16:40.500000+00:00,2022-02-14 04:12:46.103000+00:00,0.0,0.29037347435951233,0.2777775526046753,0.0,0.3370128870010376,0.17508922517299652,,,0.0,0.0,0.31487664580345154,0.6147904396057129,0.5878186821937561,-3.183002379109279e-16,0.3100408911705017,0.2962513566017151,34.0,,,1.0,0.1666666716337204,0.0,0.2777775526046753,0.27777713537216187,0.0,0.0,0.27777743339538574,0.0,0.0,5,3,1,4,2,True,ReLU(),pedaling,4,False,run.py,federico,LOCAL
2a68eae9964e4f898453b90f9a8d0778,2,FINISHED,/home/federico/mlruns/2/2a68eae9964e4f898453b90f9a8d0778/artifacts,2022-02-13 23:27:35.102000+00:00,2022-02-14 01:16:40.440000+00:00,1.239559415181323e-12,0.29249075055122375,0.2777778208255768,7.682538073382854e-24,0.29249057173728943,0.17995813488960266,1.2000000000000002,1.2000000476837158,1.2395594533448628e-12,7.682537718823317e-24,0.2912133038043976,0.5702685117721558,0.5672473311424255,0.0,0.28946998715400696,0.2924908995628357,34.0,1.7888543605804443,1.7888543819998322,1.0,0.1666666716337204,0.0,0.2777778208255768,0.27777713537216187,0.0,0.0,0.27777791023254395,0.0,0.0,5,3,1,4,2,True,ReLU(),pedaling,4,True,run.py,federico,LOCAL
d6c39c41e0b8427aac45ecabf459c796,2,FINISHED,/home/federico/mlruns/2/d6c39c41e0b8427aac45ecabf459c796/artifacts,2022-02-13 21:38:51.265000+00:00,2022-02-13 23:27:34.799000+00:00,0.0,0.2903245687484741,,0.0,0.29032227396965027,0.17638587951660156,,,0.0,0.0,0.2869223356246948,0.29032227396965027,0.2911507189273834,-3.183002379109279e-16,0.2911507189273834,0.2903308868408203,34.0,,,,,,,,,,,,,5,3,1,4,2,False,,pedaling,4,False,run.py,federico,LOCAL
098a877d314443ae8eeb9abc755c6669,2,FINISHED,/home/federico/mlruns/2/098a877d314443ae8eeb9abc755c6669/artifacts,2022-02-13 19:49:03.368000+00:00,2022-02-13 21:38:51.258000+00:00,4.3194413971529384e-10,0.4017047584056854,,9.328786818032427e-19,0.40169015526771545,0.1989126056432724,1.2000000000000002,1.2000000476837158,4.3194414711678064e-10,9.328786991719262e-19,0.3598605692386627,0.40169015526771545,0.3829200565814972,0.0,0.3829200565814972,0.4017440676689148,34.0,1.7888543605804443,1.7888543819998317,,,,,,,,,,,5,5,1,4,1,False,ReLU(),pedaling,4,True,run.py,federico,LOCAL
b2ef682e0ff9425583303caa0345d675,2,FINISHED,/home/federico/mlruns/2/b2ef682e0ff9425583303caa0345d675/artifacts,2022-02-13 17:59:16.132000+00:00,2022-02-13 19:49:03.292000+00:00,0.0,0.3957071602344513,0.27777767181396484,0.0,0.3957071602344513,0.19898098707199097,,,0.0,0.0,0.3652465045452118,0.6734849214553833,0.6642810702323914,-3.183002379109279e-16,0.38650351762771606,0.3957071602344513,34.0,,,0.0,0.1666666716337204,0.0,0.27777767181396484,0.27777713537216187,1.0,0.0,0.27777764201164246,0.0,0.0,5,5,1,4,1,True,ReLU(),pedaling,4,False,run.py,federico,LOCAL
855b874c502646c49aeb7d2757122c54,2,FINISHED,/home/federico/mlruns/2/855b874c502646c49aeb7d2757122c54/artifacts,2022-02-13 16:09:32.648000+00:00,2022-02-13 17:59:16.068000+00:00,4.3194413971529384e-10,0.4017047584056854,0.2777777910232544,9.328786818032427e-19,0.40169015526771545,0.1989126056432724,1.2000000000000002,1.2000000476837158,4.3194414711678064e-10,9.328786991719262e-19,0.3598605692386627,0.6794677376747131,0.6606979966163635,0.0,0.3829200565814972,0.4017440676689148,34.0,1.7888543605804443,1.7888543819998317,1.0,0.1666666716337204,0.0,0.2777777910232544,0.27777713537216187,0.0,0.0,0.2777777910232544,0.0,0.0,5,5,1,4,1,True,ReLU(),pedaling,4,True,run.py,federico,LOCAL
318caff6ed4f41b48bafc15c69a616c9,2,FINISHED,/home/federico/mlruns/2/318caff6ed4f41b48bafc15c69a616c9/artifacts,2022-02-13 14:20:42.581000+00:00,2022-02-13 16:09:32.390000+00:00,0.0,0.3957071602344513,,0.0,0.3957071602344513,0.19898098707199097,,,0.0,0.0,0.3652465045452118,0.3957071602344513,0.38650351762771606,-3.183002379109279e-16,0.38650351762771606,0.3957071602344513,34.0,,,,,,,,,,,,,5,5,1,4,1,False,,pedaling,4,False,run.py,federico,LOCAL
94bc8b312c9740d3a1dd0b2cc5775f1b,2,FINISHED,/home/federico/mlruns/2/94bc8b312c9740d3a1dd0b2cc5775f1b/artifacts,2022-02-13 12:34:45.442000+00:00,2022-02-13 14:20:42.573000+00:00,3.6058536403673874e-10,0.3737008571624756,,6.501090056547333e-19,0.3736879229545593,0.18613262474536896,1.1999999999999966,1.2000000476837158,3.6058536712069156e-10,6.501090237875373e-19,0.3368852138519287,0.3736879229545593,0.35668379068374634,0.0,0.35668379068374634,0.3737357556819916,34.0,1.7888543605804443,1.7888543819998306,,,,,,,,,,,5,3,1,4,1,False,ReLU(),pedaling,4,True,run.py,federico,LOCAL
227934498e834e5eb5a491e2cdcb4330,2,FINISHED,/home/federico/mlruns/2/227934498e834e5eb5a491e2cdcb4330/artifacts,2022-02-13 10:48:19.108000+00:00,2022-02-13 12:34:45.382000+00:00,0.0,0.3677920699119568,0.27777770161628723,0.0,0.3677849769592285,0.18639476597309113,,,0.0,0.0,0.3401515781879425,0.6455625891685486,0.6378015279769897,-3.183002379109279e-16,0.36002349853515625,0.36781108379364014,34.0,,,1.0,0.1666666716337204,0.0,0.27777770161628723,0.27777713537216187,0.0,0.0,0.2777775526046753,0.0,0.0,5,3,1,4,1,True,ReLU(),pedaling,4,False,run.py,federico,LOCAL
0f9eb88ee3104538909194256aff4efc,2,FINISHED,/home/federico/mlruns/2/0f9eb88ee3104538909194256aff4efc/artifacts,2022-02-13 08:59:27.718000+00:00,2022-02-13 10:48:19.047000+00:00,3.6058536403673874e-10,0.3737008571624756,0.277777761220932,6.501090056547333e-19,0.3736879229545593,0.18613262474536896,1.1999999999999966,1.2000000476837158,3.6058536712069156e-10,6.501090237875373e-19,0.3368852138519287,0.6514657139778137,0.6344617009162903,0.0,0.35668379068374634,0.3737357556819916,34.0,1.7888543605804443,1.7888543819998306,0.0,0.1666666716337204,0.0,0.277777761220932,0.27777713537216187,0.0,1.0,0.277777761220932,0.0,0.0,5,3,1,4,1,True,ReLU(),pedaling,4,True,run.py,federico,LOCAL
92d73ba8362f48afaf06f0e8daa12cbb,2,FINISHED,/home/federico/mlruns/2/92d73ba8362f48afaf06f0e8daa12cbb/artifacts,2022-02-13 07:16:59.937000+00:00,2022-02-13 08:59:27.444000+00:00,0.0,0.36782893538475037,,0.0,0.3678218722343445,0.18641074001789093,,,0.0,0.0,0.34018343687057495,0.3678218722343445,0.360058069229126,-3.183002379109279e-16,0.360058069229126,0.3678479492664337,34.0,,,,,,,,,,,,,5,3,1,4,1,False,,pedaling,4,False,run.py,federico,LOCAL
db99912d99fa43609d988c73f7aca2ec,2,FINISHED,/home/federico/mlruns/2/db99912d99fa43609d988c73f7aca2ec/artifacts,2022-02-13 05:29:21.494000+00:00,2022-02-13 07:16:59.926000+00:00,3.75733273617324e-12,0.27447399497032166,,3.388912685582723e-23,0.27437496185302734,0.20311057567596436,-0.20721320794456544,-0.20721320807933807,3.757332552728476e-12,3.3889127704141286e-23,0.2938173711299896,0.27437496185302734,0.2810410261154175,0.007208247669041157,0.2810410261154175,0.2744307219982147,34.0,1.1838454008102417,1.1838454231385585,,,,,,,,,,,3,5,1,4,4,False,ReLU(),pedaling,4,True,run.py,federico,LOCAL
119fd632edc249df808d4e53c46b86de,2,FINISHED,/home/federico/mlruns/2/119fd632edc249df808d4e53c46b86de/artifacts,2022-02-13 02:28:48.177000+00:00,2022-02-13 05:29:21.405000+00:00,0.0,0.29443126916885376,0.27777811884880066,0.0,0.30074864625930786,0.1715582013130188,,,0.0,0.0,0.29165369272232056,0.578526496887207,0.5890881419181824,0.0173418577760458,0.31131041049957275,0.2952289879322052,34.0,,,0.0,0.1666666716337204,0.0,0.27777791023254395,0.27777713537216187,0.0,0.0,0.27777785062789917,1.0,0.0,3,5,1,4,4,True,ReLU(),pedaling,4,False,run.py,federico,LOCAL
e1e45fa95f25421a921865e08728a535,2,FINISHED,/home/federico/mlruns/2/e1e45fa95f25421a921865e08728a535/artifacts,2022-02-13 00:36:35.063000+00:00,2022-02-13 02:28:47.946000+00:00,3.6237402821194844e-12,0.27442923188209534,0.27915915846824646,3.1663485184934604e-23,0.27435624599456787,0.20303548872470856,-0.18314573250733623,-0.18314573168754578,3.62374041364133e-12,3.1663484781080924e-23,0.2935706377029419,0.5533817410469055,0.5587530732154846,0.014784595929086208,0.28091514110565186,0.27448803186416626,34.0,1.1931780576705933,1.1931780948829143,0.0,0.1388888955116272,0.0,0.279105007648468,0.2778376638889313,0.5333333611488342,0.30000001192092896,0.2790254056453705,0.0,0.0,3,5,1,4,4,True,ReLU(),pedaling,4,True,run.py,federico,LOCAL
12aa0962e8fa4b30b43e5a9e19fe48b5,2,FINISHED,/home/federico/mlruns/2/12aa0962e8fa4b30b43e5a9e19fe48b5/artifacts,2022-02-12 22:29:14.556000+00:00,2022-02-13 00:36:34.729000+00:00,0.0,0.2745525538921356,,0.0,0.2747436463832855,0.19952191412448883,,,0.0,0.0,0.2850291430950165,0.2747436463832855,0.28161048889160156,0.0006649327115155756,0.28161048889160156,0.27446967363357544,39.0,,,,,,,,,,,,,3,5,1,4,4,False,,pedaling,4,False,run.py,federico,LOCAL
82feca84968b476baef789047e588a27,2,FINISHED,/home/federico/mlruns/2/82feca84968b476baef789047e588a27/artifacts,2022-02-12 20:35:54.929000+00:00,2022-02-12 22:29:14.550000+00:00,3.922305838146814e-10,0.42109933495521545,,7.692241512357115e-19,0.4210844039916992,0.20873266458511353,1.1999999999999966,1.2000000476837158,3.922305813475191e-10,7.692241543980292e-19,0.3761324882507324,0.4210844039916992,0.401012122631073,0.0,0.401012122631073,0.421139657497406,34.0,1.7888543605804443,1.7888543819998306,,,,,,,,,,,3,3,1,4,4,False,ReLU(),pedaling,4,True,run.py,federico,LOCAL
8d96c4411d294f58a43d5bde729d6834,2,FINISHED,/home/federico/mlruns/2/8d96c4411d294f58a43d5bde729d6834/artifacts,2022-02-12 16:40:12.958000+00:00,2022-02-12 20:35:54.841000+00:00,0.0,0.28868040442466736,0.277777761220932,0.0,0.2886733412742615,0.17749787867069244,,,0.0,0.0,0.2864052951335907,0.5664511919021606,0.5677524209022522,-3.183002379109279e-16,0.289974570274353,0.2886950373649597,39.0,,,0.0,0.1666666716337204,0.0,0.277777761220932,0.27777713537216187,0.0,0.0,0.27777794003486633,0.0,1.0,3,3,1,4,4,True,ReLU(),pedaling,4,False,run.py,federico,LOCAL
944dc0d2cd484fa5b5eaa7a71908e9be,2,FINISHED,/home/federico/mlruns/2/944dc0d2cd484fa5b5eaa7a71908e9be/artifacts,2022-02-12 14:54:47.879000+00:00,2022-02-12 16:40:12.863000+00:00,3.922305838146814e-10,0.42109933495521545,0.27777767181396484,7.692241512357115e-19,0.4210844039916992,0.20873266458511353,1.1999999999999966,1.2000000476837158,3.922305813475191e-10,7.692241543980292e-19,0.3761324882507324,0.6988620758056641,0.6787897944450378,0.0,0.401012122631073,0.421139657497406,34.0,1.7888543605804443,1.7888543819998306,0.0,0.1666666716337204,0.0,0.27777767181396484,0.27777713537216187,0.0,0.0,0.27777770161628723,1.0,0.0,3,3,1,4,4,True,ReLU(),pedaling,4,True,run.py,federico,LOCAL
98ea2270c7404bb18f87dd59105fa5ed,2,FINISHED,/home/federico/mlruns/2/98ea2270c7404bb18f87dd59105fa5ed/artifacts,2022-02-12 13:10:57.955000+00:00,2022-02-12 14:54:47.557000+00:00,0.0,0.4150182902812958,,0.0,0.41501832008361816,0.2084704041481018,,,0.0,0.0,0.3827858865261078,0.41501832008361816,0.4047023355960846,-3.183002379109279e-16,0.4047023355960846,0.4150182902812958,34.0,,,,,,,,,,,,,3,3,1,4,4,False,,pedaling,4,False,run.py,federico,LOCAL
084c2c9b96034033bcdeef8ae7c02675,2,FINISHED,/home/federico/mlruns/2/084c2c9b96034033bcdeef8ae7c02675/artifacts,2022-02-12 11:11:18.172000+00:00,2022-02-12 13:10:57.944000+00:00,3.539980616391558,0.4164152145385742,,13.944147109985352,0.4244731664657593,0.3107958734035492,-1.6337079099208414,-1.633707880973816,3.53998064994812,13.94414722110453,0.43236207962036133,0.4244731664657593,0.40780186653137207,0.0,0.40780186653137207,0.41084572672843933,39.0,0.2832827866077423,0.28328279028385844,,,,,,,,,,,3,5,1,4,2,False,ReLU(),pedaling,4,True,run.py,federico,LOCAL
e04ba1e4ed344be7954bfe0d796e99d5,2,FINISHED,/home/federico/mlruns/2/e04ba1e4ed344be7954bfe0d796e99d5/artifacts,2022-02-12 09:26:18.409000+00:00,2022-02-12 11:11:18.083000+00:00,0.0,0.342563271522522,0.27777764201164246,0.0,0.3425571620464325,0.17689287662506104,,,0.0,0.0,0.31915637850761414,0.6203348636627197,0.6143264770507812,-3.183002379109279e-16,0.33654823899269104,0.34257984161376953,34.0,,,0.0,0.1666666716337204,0.0,0.27777764201164246,0.27777713537216187,0.0,1.0,0.27777767181396484,0.0,0.0,3,5,1,4,2,True,ReLU(),pedaling,4,False,run.py,federico,LOCAL
1c593a18ec924ed5806ff3e04b5419c9,2,FINISHED,/home/federico/mlruns/2/1c593a18ec924ed5806ff3e04b5419c9/artifacts,2022-02-12 05:43:23.355000+00:00,2022-02-12 09:26:18.321000+00:00,3.3104890644810467,0.38564714789390564,0.27777785062789917,13.55732536315918,0.38551825284957886,0.2974695861339569,-1.462767095573122,-1.4627671241760254,3.3104891777038574,13.557324847909198,0.41471609473228455,0.6632961630821228,0.6575106382369995,0.0,0.37973302602767944,0.3856865465641022,39.0,0.47356000542640686,0.47355999501240903,0.0,0.1666666716337204,0.0,0.27777785062789917,0.27777713537216187,0.0,0.0,0.27777785062789917,1.0,0.0,3,5,1,4,2,True,ReLU(),pedaling,4,True,run.py,federico,LOCAL
47081c0181f14d509990fd548f6c744f,2,FINISHED,/home/federico/mlruns/2/47081c0181f14d509990fd548f6c744f/artifacts,2022-02-12 03:58:20.055000+00:00,2022-02-12 05:43:23.038000+00:00,0.0,0.3425954282283783,,0.0,0.34258922934532166,0.17690372467041016,,,0.0,0.0,0.31918177008628845,0.34258922934532166,0.33657845854759216,-3.183002379109279e-16,0.33657845854759216,0.34261196851730347,34.0,,,,,,,,,,,,,3,5,1,4,2,False,,pedaling,4,False,run.py,federico,LOCAL
e8282b8e16ff4b1c95fe284f7a5c99c4,2,FINISHED,/home/federico/mlruns/2/e8282b8e16ff4b1c95fe284f7a5c99c4/artifacts,2022-02-12 01:57:29.658000+00:00,2022-02-12 03:58:20.044000+00:00,5.646194788213162e-13,0.3097769021987915,,1.5939757963560368e-24,0.3092648684978485,0.1900022178888321,1.2000000000000002,1.2000000476837158,5.646194774742985e-13,1.5939757793222738e-24,0.3050686717033386,0.3092648684978485,0.32212013006210327,0.012353620491921902,0.32212013006210327,0.30950218439102173,39.0,1.7888543605804443,1.7888543819998322,,,,,,,,,,,3,3,1,4,2,False,ReLU(),pedaling,4,True,run.py,federico,LOCAL
68ad27c8b3eb40dcb0cc63f68243e2ba,2,FINISHED,/home/federico/mlruns/2/68ad27c8b3eb40dcb0cc63f68243e2ba/artifacts,2022-02-11 22:12:54.573000+00:00,2022-02-12 01:57:29.571000+00:00,0.0,0.29390478134155273,0.27777785062789917,0.0,0.2938994765281677,0.17434407770633698,,,0.0,0.0,0.288264662027359,0.5716772675514221,0.5716537833213806,-3.183002379109279e-16,0.2938759922981262,0.29392340779304504,39.0,,,0.0,0.1666666716337204,0.0,0.27777785062789917,0.27777713537216187,0.0,0.0,0.27777785062789917,1.0,0.0,3,3,1,4,2,True,ReLU(),pedaling,4,False,run.py,federico,LOCAL
74c6fcc0464e43be995a66758e597b14,2,FINISHED,/home/federico/mlruns/2/74c6fcc0464e43be995a66758e597b14/artifacts,2022-02-11 18:48:33.521000+00:00,2022-02-11 22:12:54.471000+00:00,1.4492998291909407e-12,0.31099146604537964,0.2774678170681,5.152324208124927e-25,0.3078067898750305,0.1882440745830536,1.2000000000000002,1.2000000476837158,3.2100854635043474e-13,1.0502349974464448e-23,0.30160653591156006,0.585325300693512,0.5984382033348083,0.0067369043827056885,0.32069137692451477,0.3104495704174042,34.0,1.7888543605804443,1.7888543819998322,0.3083333373069763,0.18735380470752716,0.0,0.2774747610092163,0.2777464985847473,0.0,0.0,0.2775184214115143,0.8157894611358643,0.0,3,3,1,4,2,True,ReLU(),pedaling,4,True,run.py,federico,LOCAL
0b9b1fff734743a7b5c4a49ba5ca2a57,2,FINISHED,/home/federico/mlruns/2/0b9b1fff734743a7b5c4a49ba5ca2a57/artifacts,2022-02-11 16:48:24.095000+00:00,2022-02-11 18:48:33.189000+00:00,0.0,0.3062017261981964,,0.0,0.3009481728076935,0.18293039500713348,,,0.0,0.0,0.2959534823894501,0.3009481728076935,0.32445716857910156,0.007769382558763027,0.32445716857910156,0.3058687150478363,39.0,,,,,,,,,,,,,3,3,1,4,2,False,,pedaling,4,False,run.py,federico,LOCAL
d06fe193fdb14c589f7577017cf48321,2,FINISHED,/home/federico/mlruns/2/d06fe193fdb14c589f7577017cf48321/artifacts,2022-02-11 15:02:26.366000+00:00,2022-02-11 16:48:24.088000+00:00,9.797375873551081e-13,0.3138674199581146,,4.799428564073278e-24,0.31386715173721313,0.17200951278209686,1.2000000000000002,1.2000000476837158,9.797375584430501e-13,4.7994287003820395e-24,0.2986583113670349,0.31386715173721313,0.30472686886787415,0.0,0.30472686886787415,0.31386804580688477,34.0,1.7888543605804443,1.7888543819998317,,,,,,,,,,,3,5,1,4,1,False,ReLU(),pedaling,4,True,run.py,federico,LOCAL
f39e023705eb4184aa448bb894651a7e,2,FINISHED,/home/federico/mlruns/2/f39e023705eb4184aa448bb894651a7e/artifacts,2022-02-11 11:18:01.724000+00:00,2022-02-11 15:02:26.266000+00:00,0.0,0.27808457612991333,0.2777778208255768,0.0,0.2779929041862488,0.19058683514595032,,,0.0,0.0,0.2845781743526459,0.5557706952095032,0.5607613325119019,-3.183002379109279e-16,0.282983660697937,0.27811262011528015,39.0,,,1.0,0.1666666716337204,0.0,0.2777778208255768,0.27777713537216187,0.0,0.0,0.27777785062789917,0.0,0.0,3,5,1,4,1,True,ReLU(),pedaling,4,False,run.py,federico,LOCAL
de2c206222234debaf525c2dfaa54678,2,FINISHED,/home/federico/mlruns/2/de2c206222234debaf525c2dfaa54678/artifacts,2022-02-11 09:33:27.967000+00:00,2022-02-11 11:18:01.497000+00:00,9.797375873551081e-13,0.3138674199581146,0.27777785062789917,4.799428564073278e-24,0.31386715173721313,0.17200951278209686,1.2000000000000002,1.2000000476837158,9.797375584430501e-13,4.7994287003820395e-24,0.2986583113670349,0.5916449427604675,0.5825046300888062,0.0,0.30472686886787415,0.31386804580688477,34.0,1.7888543605804443,1.7888543819998317,0.0,0.1666666716337204,0.0,0.27777788043022156,0.2777770757675171,1.0,0.0,0.27777794003486633,0.0,0.0,3,5,1,4,1,True,ReLU(),pedaling,4,True,run.py,federico,LOCAL
90fdaa8789374a06aef6a14a50a4570f,2,FINISHED,/home/federico/mlruns/2/90fdaa8789374a06aef6a14a50a4570f/artifacts,2022-02-11 07:49:06.967000+00:00,2022-02-11 09:33:27.646000+00:00,0.0,0.310038298368454,,0.0,0.31003594398498535,0.17012356221675873,,,0.0,0.0,0.29676443338394165,0.31003594398498535,0.30717235803604126,-3.183002379109279e-16,0.30717235803604126,0.31004470586776733,34.0,,,,,,,,,,,,,3,5,1,4,1,False,,pedaling,4,False,run.py,federico,LOCAL
ef67fc7b03f6407a9a70202504fd00b7,2,FINISHED,/home/federico/mlruns/2/ef67fc7b03f6407a9a70202504fd00b7/artifacts,2022-02-11 06:03:01.259000+00:00,2022-02-11 07:49:06.956000+00:00,2.286308041443426e-12,0.28021472692489624,,1.0538558493637593e-23,0.28138893842697144,0.2119865119457245,-1.4286142236928072,-1.4286142587661743,2.28630807862229e-12,1.0538558094261377e-23,0.2987120747566223,0.28138893842697144,0.2842145264148712,0.004278498236089945,0.2842145264148712,0.2793689966201782,34.0,0.7323959469795227,0.7323959354172817,,,,,,,,,,,3,3,1,4,1,False,ReLU(),pedaling,4,True,run.py,federico,LOCAL
002a2e20c4c64eb4b8f78d4fc705a38b,2,FINISHED,/home/federico/mlruns/2/002a2e20c4c64eb4b8f78d4fc705a38b/artifacts,2022-02-11 02:21:11.071000+00:00,2022-02-11 06:03:01.026000+00:00,0.0,0.2771776616573334,0.2778608202934265,0.0,0.27714917063713074,0.1912420392036438,,,0.0,0.0,0.2845986783504486,0.555009663105011,0.5605857968330383,-3.183002379109279e-16,0.2828080654144287,0.2772718071937561,39.0,,,0.0,0.1666666716337204,0.0,0.27786120772361755,0.27777713537216187,0.0,0.0,0.2778604030609131,1.0,0.0,3,3,1,4,1,True,ReLU(),pedaling,4,False,run.py,federico,LOCAL
0c7d41cd31f94ca99e8e76230d9f24fe,2,FINISHED,/home/federico/mlruns/2/0c7d41cd31f94ca99e8e76230d9f24fe/artifacts,2022-02-10 23:13:14.133000+00:00,2022-02-11 02:21:10.846000+00:00,8.373713517490875e-12,0.28045719861984253,0.27723413705825806,1.330315624586446e-23,0.2802521288394928,0.2192632108926773,-1.4675707771551398,-1.4058754444122314,2.5654233511834823e-12,1.4074683377353102e-22,0.29997822642326355,0.557542622089386,0.5628371238708496,0.007126492448151112,0.2850704491138458,0.2797588109970093,34.0,0.7404727935791016,0.718582610603176,0.0,0.1597222238779068,0.0,0.27729278802871704,0.2777668237686157,0.625,0.3333333432674408,0.2772905230522156,0.0,0.0,3,3,1,4,1,True,ReLU(),pedaling,4,True,run.py,federico,LOCAL
af4fe9d0ecdb45c9a63ef81eeadecd72,2,FINISHED,/home/federico/mlruns/2/af4fe9d0ecdb45c9a63ef81eeadecd72/artifacts,2022-02-10 21:16:55.452000+00:00,2022-02-10 23:13:13.791000+00:00,0.0,0.277843177318573,,0.0,0.2786273956298828,0.20948147773742676,,,0.0,0.0,0.2902030646800995,0.2786273956298828,0.28391245007514954,0.006539822090417147,0.28391245007514954,0.27666211128234863,39.0,,,,,,,,,,,,,3,3,1,4,1,False,,pedaling,4,False,run.py,federico,LOCAL
