Run ID,Name,Source Type,Source Name,User,Status,activation,context_specific,enc_k1,enc_k2,enc_kernel,mode,multiple_performers,spec_k1,spec_k2,spec_kernel,best_cont_val_loss,best_perfm_val_loss,cont_bal_acc,cont_train_loss,cont_val_loss,cont_val_loss_early_stop,epoch,final_weight_variance_kurt,final_weight_variance_mean,final_weight_variance_skew,final_weight_variance_var,perfm_test_avg,perfm_test_std,perfm_train_loss,perfm_val_loss,perfm_val_loss_early_stop,rec_test_0,rec_test_1,rec_test_2,rec_test_3,rec_test_4,rec_test_5,test_ami,train_loss,val_loss,weight_variance_kurt,weight_variance_mean,weight_variance_skew,weight_variance_var
46f4c4d1c4a348359c3f95378ea7d901,,LOCAL,run.py,federico,RUNNING,,False,4,4,3,velocity,False,4,1,3,,,,,,,,,,,,,,,,,,,,,,,,,,,,,
e194a60fcf24446f87347dc69cca2737,,LOCAL,run.py,federico,FINISHED,ReLU(),False,4,2,5,velocity,True,4,4,5,,0.12606972455978394,,,,NaN,39,1.2000000000000002,0.0000026771671931682642,1.7888543819998317,3.583612090088221e-11,0.12020360678434372,0.09835836291313171,0.1256205439567566,0.1259574145078659,0.12606972455978394,,,,,,,0.0018766390858218074,0.1256205439567566,0.1259574145078659,1.2000000476837158,0.0000026771672310133,1.7888543605804443,3.5836122264099046e-11
6eacbec2b02d435c99d01f1f3328061f,,LOCAL,run.py,federico,FINISHED,ReLU(),True,4,2,5,velocity,False,4,4,5,0.27761438488960266,0.12348833680152893,0.16805554926395416,0.2777771055698395,0.27750763297080994,0.27762410044670105,39,NaN,0,NaN,0,0.119016632437706,0.09039653837680817,0.12255774438381195,0.12336316704750061,0.12339091300964355,1,0,0.008333333767950535,0,0,0,-0.00033476887620054185,0.400335431098938,0.4008709490299225,NaN,0,NaN,0
374a718a19414e40b70db5e8f69364fd,,LOCAL,run.py,federico,FINISHED,ReLU(),True,4,2,5,velocity,True,4,4,5,0.2785601019859314,0.12557955086231232,0.19294534623622894,0.2776782810688019,0.27841269969940186,0.27843210101127625,39,1.2000000000000037,0.00001096574929102904,1.788854381999833,6.012382875685194e-10,0.1196342334151268,0.09770546108484268,0.12505023181438446,0.12540623545646667,0.12551653385162354,0.11023622006177902,0.5307692289352417,0.44999998807907104,0,0.0416666679084301,0.02500000037252903,0.006140520330518484,0.40272846817970276,0.4038190245628357,1.2000000476837158,0.00001096574942494044,1.7888543605804443,6.01238281383587e-10
6a547cac45e34949a59f09e1696069c5,,LOCAL,run.py,federico,FINISHED,,False,4,2,5,velocity,False,4,4,5,,0.12847360968589783,,,,NaN,39,NaN,0,NaN,0,0.12221673876047134,0.09770756959915161,0.1264609545469284,0.12867696583271027,0.12883242964744568,,,,,,,0.002483515767380595,0.1264609545469284,0.12867696583271027,NaN,0,NaN,0
0a3becf0e8b940c2bbc567d1420ee802,,LOCAL,run.py,federico,FINISHED,ReLU(),False,4,2,5,velocity,True,4,4,3,,0.12283337116241455,,,,NaN,34,99.00970873786407,1.9135436550399004e-7,10.05035863727579,3.7714987993357654e-12,0.11727292090654373,0.09390764683485031,0.12277679890394211,0.12279558181762695,0.12280546873807907,,,,,,,0.00792322214692831,0.12277679890394211,0.12279558181762695,99.00971221923828,1.9135435991302074e-7,10.050358772277832,3.771498738314172e-12
4f97de1f296e498d8684687934ae5d5e,,LOCAL,run.py,federico,FINISHED,ReLU(),True,4,2,5,velocity,False,4,4,3,0.2777942717075348,0.12337719649076462,0.16616161167621613,0.2777771055698395,0.27779433131217957,0.2777944505214691,39,NaN,0,NaN,0,0.1190338209271431,0.0903875008225441,0.12255781143903732,0.1233585923910141,0.12337284535169601,0.9636363387107849,0.03333333507180214,0,0,0,0,0.010502230376005173,0.40033555030822754,0.401153028011322,NaN,0,NaN,0
876d0d0f2c15400980d2f23b2e6b7f0d,,LOCAL,run.py,federico,FINISHED,ReLU(),True,4,2,5,velocity,True,4,4,3,0.27875277400016785,0.12283221632242203,0.16863349080085754,0.27747687697410583,0.27866455912590027,0.27868708968162537,34,99.00970873786407,1.9135436550399004e-7,10.05035863727579,3.7714987993357654e-12,0.11727412045001984,0.09389761835336685,0.12277679890394211,0.12279240787029266,0.12280266731977463,0.5669291615486145,0.16153846681118011,0.008333333767950535,0,0.2750000059604645,0,0.008477005176246166,0.40025368332862854,0.4014570415019989,99.00971221923828,1.9135435991302074e-7,10.050358772277832,3.771498738314172e-12
ad22a1df0f7a49e4ba6041562c389cb3,,LOCAL,run.py,federico,FINISHED,,False,4,2,5,velocity,False,4,4,3,,0.12396735697984695,,,,NaN,34,NaN,0,NaN,0,0.11901836842298508,0.09227950870990753,0.12416165322065353,0.12409929931163788,0.12400785833597183,,,,,,,0.0044887010008096695,0.12416165322065353,0.12409929931163788,NaN,0,NaN,0
00998d16567c47d381c1d130ac25143b,,LOCAL,run.py,federico,FINISHED,ReLU(),False,4,2,5,velocity,True,4,2,5,,0.12442706525325775,,,,NaN,39,1.2000000000000037,0.000003961035011438666,1.788854381999833,7.844899180921458e-11,0.11857999116182327,0.09643100947141647,0.12412082403898239,0.12433911114931107,0.12440745532512665,,,,,,,4.709609065852317e-16,0.12412082403898239,0.12433911114931107,1.2000000476837158,0.000003961034963140264,1.7888543605804443,7.844899035935882e-11
e4a06b3e15a145809d63c35930e0eab1,,LOCAL,run.py,federico,FINISHED,ReLU(),True,4,2,5,velocity,False,4,2,5,0.27777788043022156,0.12345009297132492,0.1666666716337204,0.2777771055698395,0.2777778208255768,0.27777788043022156,39,NaN,0,NaN,0,0.11903394013643265,0.0903870239853859,0.12255790829658508,0.12335841357707977,0.12338265031576157,1,0,0,0,0,0,-1.541418646012555e-16,0.40033555030822754,0.4011363387107849,NaN,0,NaN,0
b76d97c43c3e444488a8c50d6d45b413,,LOCAL,run.py,federico,FINISHED,ReLU(),True,4,2,5,velocity,True,4,2,5,0.27777785062789917,0.12412053346633911,0.1666666716337204,0.2777771055698395,0.2777777314186096,0.27777785062789917,39,1.1999999999999966,0.000012862504185331661,1.7888543819998306,8.272200695883726e-10,0.1182497963309288,0.09597548097372055,0.12375609576702118,0.12400051951408386,0.12406458705663681,0,0,0,0,1,0,4.709609065852317e-16,0.4015338718891144,0.40177837014198303,1.2000000476837158,0.00001286250426346669,1.7888543605804443,8.272200702208465e-10
8181646836d24362b9059386cc6c49d5,,LOCAL,run.py,federico,FINISHED,,False,4,2,5,velocity,False,4,2,5,,0.1278952807188034,,,,NaN,39,NaN,0,NaN,0,0.12039139121770859,0.0953894853591919,0.12658698856830597,0.12640105187892914,0.1278952807188034,,,,,,,-1.541418646012555e-16,0.12658698856830597,0.12640105187892914,NaN,0,NaN,0
3702f89266a849d1a7f2e375c8f89a1e,,LOCAL,run.py,federico,FINISHED,ReLU(),False,4,2,5,velocity,True,4,2,3,,0.12477029860019684,,,,NaN,39,49.52470767166167,1.5548808444514097e-7,6.7515183714668625,4.144673513909391e-13,0.1187346875667572,0.09122475236654282,0.12392255663871765,0.12359632551670074,0.12477029860019684,,,,,,,0.010322434827685356,0.12392255663871765,0.12359632551670074,49.52470779418945,1.5548808107723744e-7,6.751518249511719,4.144673428248258e-13
850581b98067476e8c91ec9597962c1b,,LOCAL,run.py,federico,FINISHED,ReLU(),True,4,2,5,velocity,False,4,2,3,0.2778092324733734,0.1299409568309784,0.15416666865348816,0.2777771055698395,0.2781147360801697,0.2781114876270294,39,NaN,0,NaN,0,0.12066785246133804,0.09577422589063644,0.126690074801445,0.12677298486232758,0.1299409568309784,0.8999999761581421,0,0,0,0.02500000037252903,0,0.026669882237911224,0.404467910528183,0.40488776564598083,NaN,0,NaN,0
909a268d30964e68bb075b485536c24d,,LOCAL,run.py,federico,FINISHED,ReLU(),True,4,2,5,velocity,True,4,2,3,0.2761467695236206,0.12417522072792053,0.16084276139736176,0.2778293490409851,0.2767930328845978,0.27619773149490356,39,48.70957537612186,4.982455364905833e-7,6.686307413348459,3.79519881799687e-12,0.11888998746871948,0.09140762686729431,0.12359360605478287,0.12441646307706833,0.12420552223920822,0.29133859276771545,0.015384615398943424,0.2916666567325592,0.19166666269302368,0.01666666753590107,0.15833333134651184,0.009010775946080685,0.40142321586608887,0.4012095034122467,48.70957565307617,4.982455266144825e-7,6.686307430267334,3.795198964123836e-12
2034ffface1d4ff1bdfcbf9e9648a078,,LOCAL,run.py,federico,FINISHED,,False,4,2,5,velocity,False,4,2,3,,0.1252703070640564,,,,NaN,39,NaN,0,NaN,0,0.12235105782747269,0.08958693593740463,0.12438696622848511,0.1262774020433426,0.12547098100185394,,,,,,,0.0064002471044659615,0.12438696622848511,0.1262774020433426,NaN,0,NaN,0
ba9c5ba2476d49888c82547376145b60,,LOCAL,run.py,federico,FINISHED,ReLU(),False,4,2,5,velocity,True,4,1,5,,0.188487708568573,,,,NaN,35,-0.2727070984571127,1.1299634628392836e-10,0.6757589656224973,7.444477243465876e-21,0.1967739760875702,0.136293426156044,0.19340087473392487,0.18860648572444916,0.18871243298053741,,,,,,,0.004287534859031439,0.19340087473392487,0.18860648572444916,-0.27270710468292236,1.1299634838923822e-10,0.675758957862854,7.444476878960931e-21
6129f9745aa246f1b52b20d8ef0040ee,,LOCAL,run.py,federico,FINISHED,ReLU(),True,4,2,5,velocity,False,4,1,5,0.27807512879371643,0.17777548730373383,0.18240566551685333,0.27778396010398865,0.27795231342315674,0.27808690071105957,34,NaN,0,NaN,0,0.1955910176038742,0.1390579491853714,0.19234243035316467,0.1775343418121338,0.1778648942708969,0,0.46000000834465027,0.03333333507180214,0,0.5916666388511658,0.009433962404727936,0.007692366372793913,0.47012627124786377,0.4554867148399353,NaN,0,NaN,0
15d46fcf357c4c8680bbd885ee2ade95,,LOCAL,run.py,federico,FINISHED,ReLU(),True,4,2,5,velocity,True,4,1,5,0.28010520339012146,0.17859676480293274,0.13993960618972778,0.27773624658584595,0.27909061312675476,0.27930784225463867,39,0.010946183662591036,4.190627102623473e-8,1.059556077897904,1.4565848176357054e-15,0.182554692029953,0.11936061084270477,0.18454554677009583,0.17611494660377502,0.17859676480293274,0.07874015718698502,0.4692307710647583,0.2750000059604645,0.01666666753590107,0,0,0.007767862174659967,0.4622816741466522,0.45520561933517456,0.010946185328066349,4.190627223010779e-8,1.0595561265945435,1.4565848552736886e-15
ede9633aa8144248b44956b59c876c31,,LOCAL,run.py,federico,FINISHED,,False,4,2,5,velocity,False,4,1,5,,0.17744871973991394,,,,NaN,39,NaN,0,NaN,0,0.19697865843772888,0.1398632973432541,0.19396577775478363,0.17877055704593658,0.17766886949539185,,,,,,,0.009672722779214382,0.19396577775478363,0.17877055704593658,NaN,0,NaN,0
a660e14c63da42f19c8775f8144e2c3e,,LOCAL,run.py,federico,RUNNING,ReLU(),False,4,2,5,velocity,True,4,1,5,,,,,,NaN,4,,,,,,,0.1791650801897049,0.16737540066242218,NaN,,,,,,,,0.1791650801897049,0.16737540066242218,-1.0855180025100708,6.994638646062867e-9,-0.003947732038795948,1.9890029321786706e-17
5831fdc21bc34423a54f6bec7946a5aa,,LOCAL,run.py,federico,FINISHED,ReLU(),True,4,2,5,velocity,False,4,1,5,0.27777788043022156,0.1234663650393486,0.1666666716337204,0.2777771055698395,0.2777778208255768,0.27777788043022156,39,NaN,0,NaN,0,0.11903379112482071,0.09038761258125305,0.12255772948265076,0.12335865944623947,0.1233869343996048,1,0,0,0,0,0,0.012806390412151814,0.4003354012966156,0.4011366069316864,NaN,0,NaN,0
02a96f03becb47f89db39b57333d993a,,LOCAL,run.py,federico,FINISHED,ReLU(),True,4,2,5,velocity,True,4,1,5,0.277902752161026,0.16793127357959747,0.1617521345615387,0.27758827805519104,0.27793124318122864,0.27793604135513306,34,0.5438831190336884,3.9134874214326646e-11,1.3390449496573724,1.3325231283987074e-21,0.16564911603927612,0.11052528023719788,0.17787356674671173,0.16844798624515533,0.16813084483146667,0,0.05384615436196327,0,0,0.02500000037252903,0.8916666507720947,-0.0006391438073478639,0.4554617404937744,0.4463792145252228,0.5438831448554993,3.9134875895463495e-11,1.3390449285507202,1.3325231413891801e-21
49d88b5efbed422baf9f7ee9652bc963,,LOCAL,run.py,federico,FINISHED,,False,4,2,5,velocity,False,4,1,5,,0.16377513110637665,,,,NaN,39,NaN,0,NaN,0,0.16456131637096405,0.11112315207719803,0.17897479236125946,0.16426703333854675,0.16423265635967255,,,,,,,0.00018718726641964167,0.17897479236125946,0.16426703333854675,NaN,0,NaN,0
3f26c04d203148c78dd0b45d9717acc9,,LOCAL,run.py,federico,FINISHED,ReLU(),False,4,2,5,velocity,True,4,1,3,,0.12277086824178696,,,,NaN,34,98.00980392000145,1.9320527496008596e-7,10.000490183945702,3.807431865835393e-12,0.11722610145807266,0.09367747604846954,0.12271464616060257,0.12273316085338593,0.12274334579706192,,,,,,,0.004964885301887989,0.12271464616060257,0.12273316085338593,98.00980377197266,1.9320528110711166e-7,10.000490188598633,3.807431800395555e-12
a5095cd25757466981774a6d621705b8,,LOCAL,run.py,federico,FINISHED,ReLU(),True,4,2,5,velocity,False,4,1,3,0.2696356773376465,0.12337438762187958,0.1666666716337204,0.2777771055698395,0.26963573694229126,0.2696356773376465,39,NaN,0,NaN,0,0.11903375387191772,0.09038776904344559,0.12255772948265076,0.12335872650146484,0.12336666136980057,0,0,0,0,1,0,-1.541418646012555e-16,0.4003354012966156,0.39299437403678894,NaN,0,NaN,0
b2ac61f0aebe44dbb4a8af2c4d242cfe,,LOCAL,run.py,federico,FINISHED,ReLU(),True,4,2,5,velocity,True,4,1,3,0.27803775668144226,0.12277086824178696,0.1716417670249939,0.277921587228775,0.27882906794548035,0.2787064015865326,34,98.00980392151804,1.932040698724574e-7,10.000490184060576,3.807432331462176e-12,0.11722610145807266,0.09367747604846954,0.12271464616060257,0.12273316085338593,0.12274334579706192,0.015748031437397003,0.03076923079788685,0,0.07500000298023224,0.0833333358168602,0.824999988079071,0.008152217604219913,0.40063586831092834,0.4015621840953827,98.00980377197266,1.9320407318446087e-7,10.000490188598633,3.807432234076424e-12
1bb496fc47d44cef87415ba9110e5a86,,LOCAL,run.py,federico,FINISHED,,False,4,2,5,velocity,False,4,1,3,,0.12400306761264801,,,,NaN,34,NaN,0,NaN,0,0.11897823214530945,0.09203489869832993,0.12416963279247284,0.12400200963020325,0.12399742007255554,,,,,,,0.003395605133846402,0.12416963279247284,0.12400200963020325,NaN,0,NaN,0
cb7fa5bc02f742f4826af6029ca5ea19,,LOCAL,run.py,federico,RUNNING,,False,4,2,3,velocity,False,4,4,5,,,,,,,,,,,,,,,,,,,,,,,,,,,,,
9a91382d0af54cbea291233f39ad2a69,,LOCAL,run.py,federico,RUNNING,,False,4,2,3,velocity,False,4,4,3,,,,,,,,,,,,,,,,,,,,,,,,,,,,,
d9524fbcb57649509bd5d1257b122ec9,,LOCAL,run.py,federico,FINISHED,ReLU(),False,4,2,3,velocity,True,4,2,5,,0.1372004896402359,,,,NaN,34,190.38317539470646,9.68224588297841e-9,13.553670861790254,2.8027401192625593e-16,0.13635681569576263,0.11889991164207458,0.15798011422157288,0.1393435150384903,0.1384531855583191,,,,,,,0.004120095632970333,0.15798011422157288,0.1393435150384903,190.3831787109375,9.682246115971793e-9,13.553670883178711,2.802740172329262e-16
9b9f37b3af6d4735a1885fbceaa06a50,,LOCAL,run.py,federico,FINISHED,ReLU(),True,4,2,3,velocity,False,4,2,5,0.27777788043022156,0.1234179139137268,0.1666666716337204,0.2777771055698395,0.2777778208255768,0.27777788043022156,39,NaN,0,NaN,0,0.11903110891580582,0.09039832651615143,0.12255886197090149,0.12336298078298569,0.12339115887880325,1,0,0,0,0,0,0.007912259548902512,0.4003363251686096,0.4011407792568207,NaN,0,NaN,0
cabbad14f0ef47b4847d20113d8af03c,,LOCAL,run.py,federico,FINISHED,ReLU(),True,4,2,3,velocity,True,4,2,5,0.27726995944976807,0.13717341423034668,0.1788512021303177,0.27760541439056396,0.27914708852767944,0.27773338556289673,39,190.94305420932608,3.0587196530742093e-7,13.597060137934598,4.051771437473351e-13,0.14093750715255737,0.11469287425279617,0.15191419422626495,0.14138978719711304,0.14209714531898499,0.834645688533783,0.03846153989434242,0.05000000074505806,0.02500000037252903,0.05000000074505806,0.07500000298023224,-0.0015219595516100526,0.4295196533203125,0.42053690552711487,190.94305419921875,3.058719642012875e-7,13.597060203552246,4.0517713966944924e-13
a4a2114228d54ebcb06e519c14364832,,LOCAL,run.py,federico,FINISHED,,False,4,2,3,velocity,False,4,2,5,,0.13797764480113983,,,,NaN,39,NaN,0,NaN,0,0.1458035409450531,0.1162484660744667,0.16056112945079803,0.14805351197719574,0.14091068506240845,,,,,,,0.003238411620259285,0.16056112945079803,0.14805351197719574,NaN,0,NaN,0
47ea002001424edf9dbe4099475b8339,,LOCAL,run.py,federico,RUNNING,,False,4,2,3,velocity,False,4,2,3,,,,,,,,,,,,,,,,,,,,,,,,,,,,,
04918a2625d34b98a95ab2fbb8892998,,LOCAL,run.py,federico,FINISHED,ReLU(),False,4,2,3,velocity,True,4,1,5,,0.12256384640932083,,,,NaN,34,680.0014614956019,1.8553807441372037e-8,26.115157691428458,2.354385334393379e-13,0.11713051050901413,0.09309154003858566,0.12256383895874023,0.12255482375621796,0.12255663424730301,,,,,,,0.009300267323851585,0.12256383895874023,0.12255482375621796,680.00146484375,1.8553807379362297e-8,26.115158081054688,2.354385404083198e-13
eea8952489e64dd19b593c5e7a749fcd,,LOCAL,run.py,federico,FINISHED,ReLU(),True,4,2,3,velocity,False,4,1,5,0.2778300642967224,0.12339526414871216,0.1705128252506256,0.2777771055698395,0.277832567691803,0.2778313159942627,39,NaN,0,NaN,0,0.1190338134765625,0.09038753807544708,0.12255784869194031,0.12335863709449768,0.12337299436330795,1,0,0,0.023076923564076424,0,0,0.005693318322300911,0.40033552050590515,0.40119120478630066,NaN,0,NaN,0
7f0ec81d39f547c99c874af044d6b695,,LOCAL,run.py,federico,FINISHED,ReLU(),True,4,2,3,velocity,True,4,1,5,0.2780572175979614,0.12256384640932083,0.15063093602657318,0.27760520577430725,0.278584361076355,0.27812424302101135,34,680.0014616884915,1.855382288096411e-8,26.115157696976073,2.3543897559043906e-13,0.11713051050901413,0.09309154003858566,0.12256385385990143,0.12255482375621796,0.12255663424730301,0.33070865273475647,0.1230769231915474,0.05833333358168602,0.05000000074505806,0.3333333432674408,0.008333333767950535,0.008928117342293262,0.40016910433769226,0.40113914012908936,680.00146484375,1.8553823366573852e-8,26.115158081054688,2.354389740891888e-13
347be88fd6ec4dd2ab4f43b72d2e040d,,LOCAL,run.py,federico,FINISHED,,False,4,2,3,velocity,False,4,1,5,,0.12365258485078812,,,,NaN,34,NaN,0,NaN,0,0.1188880056142807,0.09144367277622223,0.12267223745584488,0.12368578463792801,0.12367230653762817,,,,,,,0.002042656997218728,0.12267223745584488,0.12368578463792801,NaN,0,NaN,0
800362bf27414c8e92cb53b8f445aa99,,LOCAL,run.py,federico,FINISHED,ReLU(),False,4,2,3,velocity,True,4,1,3,,0.1338297575712204,,,,NaN,39,564.9937241721732,4.18212790454736e-8,20.767356671277497,5.928928221482016e-15,0.13146188855171204,0.09447087347507477,0.1320590376853943,0.13468791544437408,0.13403178751468658,,,,,,,0.009003228507936,0.1320590376853943,0.13468791544437408,564.9937133789062,4.1821280660769844e-8,20.767356872558594,5.9289282400179326e-15
22f9d64660334031bfeddd66f55942ba,,LOCAL,run.py,federico,FINISHED,ReLU(),True,4,2,3,velocity,False,4,1,3,0.27796390652656555,0.12347321212291718,0.16566608846187592,0.2777771055698395,0.2779778838157654,0.2779659926891327,39,NaN,0,NaN,0,0.11903393268585205,0.09038705378770828,0.12255781143903732,0.12335840612649918,0.12343534082174301,0.9090909361839294,0,0,0,0,0.08490566164255142,0.011298763565719128,0.4003353714942932,0.40133634209632874,NaN,0,NaN,0
368e42693ed74739a0915c848d496df3,,LOCAL,run.py,federico,FINISHED,ReLU(),True,4,2,3,velocity,True,4,1,3,0.27791827917099,0.1355466991662979,0.1665135622024536,0.2779214382171631,0.2778528034687042,0.27803346514701843,39,726.5765582407056,6.823769663392275e-14,24.006105860810244,4.253281794281726e-26,0.13432273268699646,0.09638522565364838,0.13428643345832825,0.13780401647090912,0.13672420382499695,0.015748031437397003,0,0.008333333767950535,0,0,0.9750000238418579,0.008845637552440166,0.4122079014778137,0.4156566858291626,726.5765380859375,6.823769929100928e-14,24.006105422973633,4.25328192930629e-26
ee8390a740b74003b6f1bf58a03b4d64,,LOCAL,run.py,federico,FINISHED,,False,4,2,3,velocity,False,4,1,3,,0.14016079902648926,,,,NaN,39,NaN,0,NaN,0,0.13427232205867767,0.09513428062200546,0.1332719624042511,0.1337544023990631,0.14016079902648926,,,,,,,0.0070604863576591015,0.1332719624042511,0.1337544023990631,NaN,0,NaN,0
6d03392e912e4d388aba975dda734648,,LOCAL,run.py,federico,FINISHED,ReLU(),False,4,1,5,velocity,True,4,4,5,,0.1557791531085968,,,,NaN,39,1.2000000000000037,1.217516547876348e-7,1.788854381999833,7.411732721763697e-14,0.1561933159828186,0.10375623404979706,0.15640553832054138,0.15532535314559937,0.15572215616703033,,,,,,,4.709609065852317e-16,0.15640553832054138,0.15532535314559937,1.2000000476837158,1.2175165409189503e-7,1.7888543605804443,7.411732767239818e-14
0669a6a2d8b54bd5bb2611d6eb1a4eb3,,LOCAL,run.py,federico,FINISHED,ReLU(),True,4,1,5,velocity,False,4,4,5,0.2777777314186096,0.15473541617393494,0.1666666716337204,0.2777771055698395,0.2777775824069977,0.2777777314186096,39,NaN,0,NaN,0,0.1589842587709427,0.10523469001054764,0.1581457555294037,0.15460574626922607,0.15467558801174164,0,0,0,0,1,0,-1.541418646012555e-16,0.43592387437820435,0.4323835074901581,NaN,0,NaN,0
b423d3e1a61f49cab5b10087c4cabc46,,LOCAL,run.py,federico,FINISHED,ReLU(),True,4,1,5,velocity,True,4,4,5,0.27777785062789917,0.15377946197986603,0.1666666716337204,0.2777771055698395,0.277777761220932,0.27777785062789917,39,1.1999999999999966,4.269546645513995e-7,1.7888543819998306,9.114514279109907e-13,0.15402483940124512,0.10281738638877869,0.15440531075000763,0.15334059298038483,0.15372461080551147,0,1,0,0,0,0,4.709609065852317e-16,0.4321832060813904,0.4311184585094452,1.2000000476837158,4.269546707291738e-7,1.7888543605804443,9.1145146985383e-13
3de6892f63f74cb8baeda0cc0e836b55,,LOCAL,run.py,federico,FINISHED,,False,4,1,5,velocity,False,4,4,5,,0.15543954074382782,,,,NaN,39,NaN,0,NaN,0,0.15981091558933258,0.10564665496349335,0.15892115235328674,0.15535223484039307,0.15542007982730865,,,,,,,-1.541418646012555e-16,0.15892115235328674,0.15535223484039307,NaN,0,NaN,0
33ddfaa6ac7c4c86b7b2887f647223cd,,LOCAL,run.py,federico,FINISHED,ReLU(),False,4,1,5,velocity,True,4,4,3,,0.15607985854148865,,,,NaN,39,1.2000000000000037,1.217516547876348e-7,1.788854381999833,7.411732721763697e-14,0.15652325749397278,0.10389196127653122,0.1567094326019287,0.15562628209590912,0.15602289140224457,,,,,,,4.709609065852317e-16,0.1567094326019287,0.15562628209590912,1.2000000476837158,1.2175165409189503e-7,1.7888543605804443,7.411732767239818e-14
58e77e514c574053af9ffca9a7c47c55,,LOCAL,run.py,federico,FINISHED,ReLU(),True,4,1,5,velocity,False,4,4,3,0.27777770161628723,0.1550265997648239,0.1666666716337204,0.2777771055698395,0.27777761220932007,0.27777770161628723,39,NaN,0,NaN,0,0.15930679440498352,0.10539395362138748,0.15844829380512238,0.15489701926708221,0.1549667865037918,0,0,0,1,0,0,-1.541418646012555e-16,0.4362263083457947,0.43267470598220825,NaN,0,NaN,0
5f2b544b7cfc4ef99ac8db72dbcbb786,,LOCAL,run.py,federico,FINISHED,ReLU(),True,4,1,5,velocity,True,4,4,3,0.27777785062789917,0.15406447649002075,0.1666666716337204,0.2777771055698395,0.277777761220932,0.27777785062789917,39,1.2000000000000002,4.2283150166374145e-7,1.7888543819998317,8.939323939960728e-13,0.15433183312416077,0.10296623408794403,0.15468931198120117,0.15362027287483215,0.15400895476341248,0,0,0,0,1,0,4.709609065852317e-16,0.4324670135974884,0.4313981235027313,1.2000000476837158,4.2283150492039567e-7,1.7888543605804443,8.939323890497231e-13
b7e065526c3949dbbc6db666de2c696e,,LOCAL,run.py,federico,FINISHED,,False,4,1,5,velocity,False,4,4,3,,0.1557304412126541,,,,NaN,39,NaN,0,NaN,0,0.16013303399085999,0.10581053048372269,0.159223273396492,0.15564309060573578,0.15571096539497375,,,,,,,-1.541418646012555e-16,0.159223273396492,0.15564309060573578,NaN,0,NaN,0
5cdbb0fd131b4ae594dfdb8b5c029b58,,LOCAL,run.py,federico,FINISHED,ReLU(),False,4,1,5,velocity,True,4,2,5,,0.18545645475387573,,,,NaN,39,1.2000000000000002,2.9044286744859106e-13,1.7888543819998322,4.217852962587993e-25,0.17776471376419067,0.13345521688461304,0.18215370178222656,0.1864224374294281,0.18619972467422485,,,,,,,0.002851807279512286,0.18215370178222656,0.1864224374294281,1.2000000476837158,2.9044288133404927e-13,1.7888543605804443,4.217852891827892e-25
850da21d5a7642ea8632fd4f933568ee,,LOCAL,run.py,federico,FINISHED,ReLU(),True,4,1,5,velocity,False,4,2,5,0.27777788043022156,0.1234116479754448,0.1666666716337204,0.2777771055698395,0.2777778208255768,0.27777788043022156,39,NaN,0,NaN,0,0.1190338134765625,0.09038753062486649,0.12255784869194031,0.12335862964391708,0.12338581681251526,1,0,0,0,0,0,-1.541418646012555e-16,0.40033552050590515,0.4011363983154297,NaN,0,NaN,0
a72f3916f54b434fa673785944947c49,,LOCAL,run.py,federico,FINISHED,ReLU(),True,4,1,5,velocity,True,4,2,5,0.2758932411670685,0.1857825666666031,0.17083333432674408,0.27776989340782166,0.2757822573184967,0.2758858799934387,34,-1.4997933862239643,1.0633020981988747e-10,-0.40616515940214,6.272471105393824e-21,0.1767650991678238,0.13397999107837677,0.18135276436805725,0.1849229633808136,0.18561430275440216,0,0,0.6499999761581421,0,0,0.375,0.00495658116415143,0.45912277698516846,0.4607052505016327,1.2000000476837158,1.7059955065377302e-13,1.7888543605804443,1.4552102327470032e-25
5e90eb46d7b74763bfee0caa896bac7e,,LOCAL,run.py,federico,FINISHED,,False,4,1,5,velocity,False,4,2,5,,0.18795305490493774,,,,NaN,39,NaN,0,NaN,0,0.1808287501335144,0.13535813987255096,0.18130995333194733,0.18845480680465698,0.18828925490379333,,,,,,,0.0063261729665100574,0.18130995333194733,0.18845480680465698,NaN,0,NaN,0
313d452cccf440fe81e8bd66a93272e0,,LOCAL,run.py,federico,FINISHED,ReLU(),False,4,1,5,velocity,True,4,2,3,,0.13249598443508148,,,,NaN,39,0.06562453785104339,4.170640515947094e-8,-1.2437073649991297,4.1582789163953057e-16,0.12593889236450195,0.10556994378566742,0.13169081509113312,0.13316938281059265,0.13259512186050415,,,,,,,0.0018190809059888124,0.13169081509113312,0.13316938281059265,0.06562454253435135,4.170640366396583e-8,-1.2437074184417725,4.158279026253637e-16
5a1b61a1ceb04b0d98a802e0a4e43b68,,LOCAL,run.py,federico,FINISHED,ReLU(),True,4,1,5,velocity,False,4,2,3,0.27740204334259033,0.12868043780326843,0.1666666716337204,0.2777771055698395,0.27742505073547363,0.2774644196033478,34,NaN,0,NaN,0,0.1365557760000229,0.0951974168419838,0.14752613008022308,0.1360550969839096,0.12761761248111725,1,0,0,0,0,0,0.0019855245482176542,0.4253036379814148,0.4134799838066101,NaN,0,NaN,0
0ce1d112381845cfad44daee1c72946e,,LOCAL,run.py,federico,FINISHED,ReLU(),True,4,1,5,velocity,True,4,2,3,0.2787696421146393,0.1259775161743164,0.19465811550617218,0.2777734696865082,0.2785246968269348,0.2786462903022766,39,0.3380100272230724,0.0000382334287471669,-1.336881487002656,3.340351452538922e-10,0.11930086463689804,0.09877964109182358,0.12615832686424255,0.12524360418319702,0.1259775161743164,0,0.08461538702249527,0.800000011920929,0,0.28333333134651184,0,0.006502263713628054,0.40393152832984924,0.40376827120780945,0.3380100429058075,0.000038233429222600535,-1.3368815183639526,3.3403513288732256e-10
33abf7b0abb44ef5b6a8c872875f0b56,,LOCAL,run.py,federico,FINISHED,,False,4,1,5,velocity,False,4,2,3,,0.13445818424224854,,,,NaN,39,NaN,0,NaN,0,0.1264408379793167,0.10341885685920715,0.13213755190372467,0.13371272385120392,0.13445818424224854,,,,,,,0.0040294816717505455,0.13213755190372467,0.13371272385120392,NaN,0,NaN,0
24bffe03e4b149bcba36eed79019c10c,,LOCAL,run.py,federico,FINISHED,ReLU(),False,4,1,5,velocity,True,4,1,5,,0.1207878515124321,,,,NaN,39,0.5494813110233099,0.00021096010633796878,1.4085662349918417,6.1767650699354e-8,0.11617483198642731,0.08997419476509094,0.11922647804021835,0.120355524122715,0.12073355168104172,,,,,,,0.014630966819822788,0.11922647804021835,0.120355524122715,0.5494813323020935,0.00021096010459586978,1.4085662364959717,6.176765054988209e-8
a8faaf876c2f444ea6035ba1de26a5b5,,LOCAL,run.py,federico,FINISHED,ReLU(),True,4,1,5,velocity,False,4,1,5,0.27783018350601196,0.12517043948173523,0.1666666716337204,0.2777771055698395,0.27781203389167786,0.2778274714946747,34,NaN,0,NaN,0,0.12201912701129913,0.08928953856229782,0.14736592769622803,0.12475777417421341,0.13621282577514648,1,0,0,0,0,0,0.020800532773137093,0.4251437485218048,0.4025699496269226,NaN,0,NaN,0
7397bd8824594e7f983f1623717a6548,,LOCAL,run.py,federico,FINISHED,ReLU(),True,4,1,5,velocity,True,4,1,5,0.2775654196739197,0.12652602791786194,0.1646367460489273,0.2777758836746216,0.2778148949146271,0.2777760624885559,39,-1.4563204849107694,0.00002265867096187537,-0.47914462747897985,2.754280544483536e-10,0.11977770924568176,0.09727101027965546,0.1249019205570221,0.12595878541469574,0.12652602791786194,0,0.9461538195610046,0.01666666753590107,0.02500000037252903,0,0,0.014395790174603462,0.4026778042316437,0.4037736654281616,-1.4563205242156982,0.000022658670786768198,-0.4791446328163147,2.7542804148517064e-10
9e63c91b1d0d4c7091e36f94d9d1b8bb,,LOCAL,run.py,federico,FINISHED,,False,4,1,5,velocity,False,4,1,5,,0.14158998429775238,,,,NaN,39,NaN,0,NaN,0,0.13406670093536377,0.1065496951341629,0.1378210335969925,0.1407133787870407,0.14158998429775238,,,,,,,0.010807126760482788,0.1378210335969925,0.1407133787870407,NaN,0,NaN,0
1bd253d0a93d408fa171d7cd630e7e85,,LOCAL,run.py,federico,FINISHED,ReLU(),False,4,1,5,velocity,True,4,1,3,,0.12026035040616989,,,,NaN,39,-1.486085332332958,0.000004680116555356866,-0.6365096173382041,1.0838186159622845e-11,0.11646149307489395,0.09065957367420197,0.12121336907148361,0.11973180621862411,0.1201699748635292,,,,,,,0.00010850412945728749,0.12121336907148361,0.11973180621862411,-1.486085295677185,0.0000046801164899079595,-0.6365095973014832,1.083818625124966e-11
fa58031be9764005a63ccea9335a9860,,LOCAL,run.py,federico,FINISHED,ReLU(),True,4,1,5,velocity,False,4,1,3,0.27777788043022156,0.12346449494361877,0.1666666716337204,0.2777771055698395,0.2777778208255768,0.27777788043022156,36,NaN,0,NaN,0,0.1190338209271431,0.0903875082731247,0.12255782634019852,0.12335862219333649,0.1233658716082573,1,0,0,0,0,0,-1.541418646012555e-16,0.40033552050590515,0.4011363983154297,NaN,0,NaN,0
2a4dad2908eb47f6b9ede3c4b570259f,,LOCAL,run.py,federico,FINISHED,ReLU(),True,4,1,5,velocity,True,4,1,3,0.2758179008960724,0.12033127248287201,0.1646653562784195,0.27774718403816223,0.27577370405197144,0.27584534883499146,34,-1.485569329281111,0.000003494107361563412,-0.6289890080449437,6.071049146455835e-12,0.11597821116447449,0.0904512032866478,0.12107241153717041,0.12023258209228516,0.12045874446630478,0.06299212574958801,0,0.10833333432674408,0,0.8166666626930237,0,-0.0004681204736698419,0.39881962537765503,0.3960062563419342,-1.4855693578720093,0.0000034941074318339815,-0.6289889812469482,6.071049045430765e-12
8029a5cabbcb420dac581fef2480df34,,LOCAL,run.py,federico,FINISHED,,False,4,1,5,velocity,False,4,1,3,,0.1215500608086586,,,,NaN,39,NaN,0,NaN,0,0.11729735881090164,0.08987494558095932,0.12158006429672241,0.12041064351797104,0.1215500608086586,,,,,,,0.0020273446571081877,0.12158006429672241,0.12041064351797104,NaN,0,NaN,0
262ded5d370b4967869e1cd8e0b10d88,,LOCAL,run.py,federico,FINISHED,ReLU(),False,4,1,3,velocity,True,4,4,5,,0.11469927430152893,,,,NaN,34,-1.5096804317003816,1.9494063948262883e-8,-0.6506525482323408,1.9370147588937194e-16,0.11008309572935104,0.09017834067344666,0.11586016416549683,0.1147100031375885,0.11469563841819763,,,,,,,0.007893669418990612,0.11586016416549683,0.1147100031375885,-1.5096803903579712,1.949406325252312e-8,-0.6506525278091431,1.9370147961158353e-16
129fd9f035964e4d95f8a2fa99232b92,,LOCAL,run.py,federico,FINISHED,ReLU(),True,4,1,3,velocity,False,4,4,5,0.27774617075920105,0.12344804406166077,0.15138888359069824,0.2777771055698395,0.27775415778160095,0.27775508165359497,39,NaN,0,NaN,0,0.11903388798236847,0.09038723260164261,0.12255782634019852,0.12334995716810226,0.12335795164108276,0.8999999761581421,0,0,0,0.008333333767950535,0,0.019990552216768265,0.40033552050590515,0.4011040925979614,NaN,0,NaN,0
5f5c29823a164a9196a1b4ddfd29f5c1,,LOCAL,run.py,federico,FINISHED,ReLU(),True,4,1,3,velocity,True,4,4,5,0.2782790958881378,0.11469198763370514,0.17631234228610992,0.27781322598457336,0.27829816937446594,0.27828672528266907,34,-1.5177571273194967,1.8546084490367318e-8,-0.6214697032528875,1.7720126699339537e-16,0.11013297736644745,0.09025102853775024,0.11578599363565445,0.11469411104917526,0.11469703167676926,0.007874015718698502,0.5,0,0,0.07500000298023224,0.4749999940395355,0.007821238599717617,0.39359909296035767,0.3929923176765442,-1.5177571773529053,1.8546083779824585e-8,-0.6214697360992432,1.7720126456417996e-16
996913651252447bb6784c432072ddb8,,LOCAL,run.py,federico,FINISHED,,False,4,1,3,velocity,False,4,4,5,,0.11709567159414291,,,,NaN,39,NaN,0,NaN,0,0.11116719245910645,0.08835191279649734,0.11536233872175217,0.11555750668048859,0.1174706444144249,,,,,,,0.0015979792224243283,0.11536233872175217,0.11555750668048859,NaN,0,NaN,0
e4e76d9d8e2d4632b79e2b0b1fc7aef9,,LOCAL,run.py,federico,FINISHED,ReLU(),False,4,1,3,velocity,True,4,4,3,,0.12188350409269333,,,,NaN,39,0.4730103163779229,0.0018496874789347545,1.343372829736576,0.0000034863352705891625,0.1149313747882843,0.09249044209718704,0.12127351015806198,0.12081097066402435,0.12188350409269333,,,,,,,0.023206735029816628,0.12127351015806198,0.12081097066402435,0.4730103015899658,0.0018496874254196882,1.3433728218078613,0.000003486335344859981
8d6764658c6747c39f70120a2023f626,,LOCAL,run.py,federico,FINISHED,ReLU(),True,4,1,3,velocity,False,4,4,3,0.27777788043022156,0.12340305000543594,0.1666666716337204,0.2777771055698395,0.2777778208255768,0.27777788043022156,39,NaN,0,NaN,0,0.11903384327888489,0.09038741141557693,0.12255789339542389,0.12335856258869171,0.1233738511800766,1,0,0,0,0,0,0.00906150322407484,0.4003356397151947,0.4011363685131073,NaN,0,NaN,0
b29f13a2dfdb467c8b72d56712a1ceb5,,LOCAL,run.py,federico,FINISHED,ReLU(),True,4,1,3,velocity,True,4,4,3,0.2778795063495636,0.12232315540313721,0.1666666716337204,0.2777771055698395,0.2777778208255768,0.27777791023254395,39,-0.9790175338008171,0.0025998362454598546,0.2110494983867928,0.0000031111130569892575,0.11678743362426758,0.09003086388111115,0.11748752743005753,0.12248251587152481,0.12231744080781937,1,0,0,0,0,0,0.009531264193356037,0.3952655494213104,0.4002603590488434,-0.9790175557136536,0.002599836327135563,0.21104949712753296,0.0000031111130738281645
de51d635ba1c45d78d667a4e1af11383,,LOCAL,run.py,federico,FINISHED,,False,4,1,3,velocity,False,4,4,3,,0.21284356713294983,,,,NaN,39,NaN,0,NaN,0,0.2216276079416275,0.12602996826171875,0.2161133587360382,0.21288634836673737,0.2129216194152832,,,,,,,0.0012445058673620224,0.2161133587360382,0.21288634836673737,NaN,0,NaN,0
3fd6f10db22b46f0a85cbc742ba794a2,,LOCAL,run.py,federico,FINISHED,ReLU(),False,4,1,3,velocity,True,4,2,5,,0.1226765513420105,,,,NaN,39,1.1999395194204512,0.0003128147375949619,1.7888205914404682,4.806019750754176e-7,0.11725600063800812,0.09260953962802887,0.12235851585865021,0.12260044366121292,0.12265042960643768,,,,,,,-0.004699100274592638,0.12235851585865021,0.12260044366121292,1.199939489364624,0.00031281475094147027,1.7888206243515015,4.806019546776952e-7
6df107f3de1347bf81638896ac57dae7,,LOCAL,run.py,federico,FINISHED,ReLU(),True,4,1,3,velocity,False,4,2,5,0.27782201766967773,0.13192477822303772,0.1556818187236786,0.2777771055698395,0.27795419096946716,0.2778224050998688,39,NaN,0,NaN,0,0.1374552845954895,0.12791140377521515,0.12651818990707397,0.1385265737771988,0.1327500343322754,0.9090909361839294,0,0.02500000037252903,0,0,0,0.009038859978318214,0.4042961299419403,0.41648074984550476,NaN,0,NaN,0
bead8c8506484ca0afa482291504453e,,LOCAL,run.py,federico,FINISHED,ReLU(),True,4,1,3,velocity,True,4,2,5,0.27513232827186584,0.48787689208984375,0.1666666716337204,0.27738505601882935,0.2751322090625763,0.27513232827186584,34,0.9408052749881288,69.97443014032456,1.6359146875471933,10018.034703450898,0.49346497654914856,0.14936064183712006,0.49608054757118225,0.48948144912719727,0.48763832449913025,1,0,0,0,0,0,4.709609065852317e-16,0.7734659910202026,0.764613687992096,0.9408052563667297,69.97443389892578,1.63591468334198,10018.03515625
5c8148022d7f42058b519606f7e0bde6,,LOCAL,run.py,federico,FINISHED,,False,4,1,3,velocity,False,4,2,5,,0.17505291104316711,,,,NaN,39,NaN,0,NaN,0,0.1826811581850052,0.1215265765786171,0.21398451924324036,0.17787684500217438,0.17682097852230072,,,,,,,0.008694736286997795,0.21398451924324036,0.17787684500217438,NaN,0,NaN,0
125cdfdf48e54e448baccdf69b8ea90c,,LOCAL,run.py,federico,FINISHED,ReLU(),False,4,1,3,velocity,True,4,2,3,,0.12256667762994766,,,,NaN,34,-1.3960744303260295,0.00000723365805364299,0.6499669378638265,6.36932588324778e-11,0.11712624132633209,0.09255772829055786,0.1224677711725235,0.12252547591924667,0.12253955006599426,,,,,,,0.006161174736917019,0.1224677711725235,0.12252547591924667,-1.3960744142532349,0.000007233657925098669,0.6499669551849365,6.36932590003525e-11
2ba604c96f1d43ff9e99a2a4ef7c76e2,,LOCAL,run.py,federico,FINISHED,ReLU(),True,4,1,3,velocity,False,4,2,3,0.2785765826702118,0.12454565614461899,0.16566608846187592,0.2777771055698395,0.27918705344200134,0.2787010073661804,38,NaN,0,NaN,0,0.11945807188749313,0.08971944451332092,0.1357424557209015,0.12329834699630737,0.1246642991900444,0.9090909361839294,0,0,0,0,0.08490566164255142,0.010271778330206871,0.413519948720932,0.4024854600429535,NaN,0,NaN,0
c0244b67156147e5948cb8df43fe5083,,LOCAL,run.py,federico,FINISHED,ReLU(),True,4,1,3,velocity,True,4,2,3,0.27816537022590637,0.12259139865636826,0.1538604497909546,0.2777195870876312,0.2782239317893982,0.2784789204597473,34,-1.482877089979852,0.000007571758034785526,0.6232897304175699,6.8991553709764e-11,0.11713128536939621,0.09259018301963806,0.12249433994293213,0.12257743626832962,0.12257251888513565,0.031496062874794006,0,0.5583333373069763,0.008333333767950535,0,0.32499998807907104,0.0017238528234884143,0.4002138376235962,0.40080147981643677,-1.4828771352767944,0.000007571758033009246,0.6232897043228149,6.899155552408942e-11
4bdbfd7ac3bb47d7906e73cd0ac0fa20,,LOCAL,run.py,federico,FINISHED,,False,4,1,3,velocity,False,4,2,3,,0.12373384833335876,,,,NaN,39,NaN,0,NaN,0,0.11889935284852982,0.09082461148500443,0.12259374558925629,0.12358204275369644,0.12366263568401337,,,,,,,0.008680328726768494,0.12259374558925629,0.12358204275369644,NaN,0,NaN,0
86628a97050e4aed8b783e7c904c2592,,LOCAL,run.py,federico,FINISHED,ReLU(),False,4,1,3,velocity,True,4,1,5,,0.15339013934135437,,,,NaN,39,-0.22432018497272788,2.647820917094244e-7,0.828214598958044,6.141221034691517e-14,0.1535569429397583,0.10268054902553558,0.15587244927883148,0.15293748676776886,0.15333329141139984,,,,,,,0.005158722400665283,0.15587244927883148,0.15293748676776886,-0.2243201732635498,2.6478210202185437e-7,0.8282145857810974,6.141221293434404e-14
cfca263a21c5492ebb9fbfd8195eba7a,,LOCAL,run.py,federico,FINISHED,ReLU(),True,4,1,3,velocity,False,4,1,5,0.27777788043022156,0.12337077409029007,0.1666666716337204,0.2777771055698395,0.2777778208255768,0.27777788043022156,34,NaN,0,NaN,0,0.11983893066644669,0.08942397683858871,0.12845644354820251,0.12347719073295593,0.12338314950466156,1,0,0,0,0,0,-1.541418646012555e-16,0.4062342643737793,0.4012550711631775,NaN,0,NaN,0
328a0bc92a784b4e80561cb64b11f011,,LOCAL,run.py,federico,FINISHED,ReLU(),True,4,1,3,velocity,True,4,1,5,0.27766153216362,0.15016546845436096,0.16292734444141388,0.27790892124176025,0.2778741121292114,0.2776486575603485,39,0.5109470208659466,7.990638912436232e-7,1.3606786363663999,8.103491026784464e-13,0.14962683618068695,0.10082581639289856,0.15213942527770996,0.1492263823747635,0.15016546845436096,0,0.9692307710647583,0,0,0.008333333767950535,0,0.0038086094427853823,0.4300485849380493,0.4271004796028137,0.510947048664093,7.990639119270782e-7,1.3606786727905273,8.103491293785792e-13
d380c383c2e94b2780cae9bd728eb35a,,LOCAL,run.py,federico,FINISHED,,False,4,1,3,velocity,False,4,1,5,,0.15841548144817352,,,,NaN,39,NaN,0,NaN,0,0.16043417155742645,0.10581321269273758,0.16054736077785492,0.15585295855998993,0.15841548144817352,,,,,,,-0.0050203693099319935,0.16054736077785492,0.15585295855998993,NaN,0,NaN,0
ae727d60bf384b369d92ebda694186ec,,LOCAL,run.py,federico,FINISHED,ReLU(),False,4,1,3,velocity,True,4,1,3,,0.13829651474952698,,,,NaN,39,1.2000000000000002,3.200922981487035e-7,1.7888543819998317,5.122953966705924e-13,0.1363852620124817,0.09543970972299576,0.1385241597890854,0.1379675269126892,0.13822317123413086,,,,,,,4.709609065852317e-16,0.1385241597890854,0.1379675269126892,1.2000000476837158,3.2009231176743924e-7,1.7888543605804443,5.122953927391705e-13
626b659d1a8d47678ff3d82a6b8a1990,,LOCAL,run.py,federico,FINISHED,ReLU(),True,4,1,3,velocity,False,4,1,3,0.2777780294418335,0.13811565935611725,0.1666666716337204,0.2777771055698395,0.27777791023254395,0.2777780294418335,34,NaN,0,NaN,0,0.13906000554561615,0.0962434783577919,0.1399863213300705,0.1379910260438919,0.1380247175693512,0,1,0,0,0,0,-1.541418646012555e-16,0.41776418685913086,0.4157690405845642,NaN,0,NaN,0
7e821bb6a4ce42efa1c495aba6558d82,,LOCAL,run.py,federico,FINISHED,ReLU(),True,4,1,3,velocity,True,4,1,3,0.277777761220932,0.13695067167282104,0.1666666716337204,0.2777771055698395,0.2777777910232544,0.277777761220932,39,1.2000000000000002,9.6579044861859e-7,1.7888543819998317,4.663755953214486e-12,0.13498860597610474,0.09490884095430374,0.13728781044483185,0.13671062886714935,0.13695067167282104,0,0,0,1,0,0,4.709609065852317e-16,0.41506558656692505,0.41448843479156494,1.2000000476837158,9.657904911364312e-7,1.7888543605804443,4.6637559265871875e-12
defd0d16ec6e4be8ad7b0a88d33ca5d0,,LOCAL,run.py,federico,FINISHED,,False,4,1,3,velocity,False,4,1,3,,0.13829240202903748,,,,NaN,34,NaN,0,NaN,0,0.13927872478961945,0.09634558856487274,0.14018113911151886,0.13816776871681213,0.1382014900445938,,,,,,,-1.541418646012555e-16,0.14018113911151886,0.13816776871681213,NaN,0,NaN,0
