run_id,experiment_id,status,artifact_uri,start_time,end_time,metrics.weight_variance_var,metrics.final_weight_variance_skew,metrics.perfm_train_loss,metrics.perfm_val_loss_early_stop,metrics.weight_variance_skew,metrics.final_weight_variance_var,metrics.final_weight_variance_kurt,metrics.val_loss,metrics.perfm_val_loss,metrics.perfm_test_avg,metrics.weight_variance_kurt,metrics.train_loss,metrics.epoch,metrics.test_ami,metrics.best_perfm_val_loss,metrics.perfm_test_std,metrics.weight_variance_mean,metrics.cont_val_loss_early_stop,metrics.final_weight_variance_mean,metrics.best_cont_val_loss,metrics.rec_test_1,metrics.cont_val_loss,metrics.rec_test_3,metrics.cont_bal_acc,metrics.rec_test_4,metrics.rec_test_0,metrics.cont_train_loss,metrics.rec_test_2,metrics.rec_test_5,params.enc_k2,params.context_specific,params.mode,params.spec_kernel,params.enc_k1,params.multiple_performers,params.enc_kernel,params.spec_k2,params.spec_k1,params.activation,tags.mlflow.user,tags.mlflow.source.type,tags.mlflow.source.name
914c156057e34dd8be7f6e3af4b502bd,0,FINISHED,/home/federico/mlruns/0/914c156057e34dd8be7f6e3af4b502bd/artifacts,2021-12-18 06:16:06.788000+00:00,2021-12-18 09:07:46.182000+00:00,0.0,,0.12404131144285202,0.12671861052513123,,0.0,,0.1263761967420578,0.1263761967420578,0.12023204565048218,,0.12404131144285202,34.0,0.024181252345442772,0.12674738466739655,0.0944121703505516,0.0,,0.0,,,,,,,,,,,3,False,velocity,5,4,False,5,4,4,,federico,LOCAL,run.py
fa70b8ce57374146b057ad1aa43b6eff,0,FINISHED,/home/federico/mlruns/0/fa70b8ce57374146b057ad1aa43b6eff/artifacts,2021-12-18 03:07:54.660000+00:00,2021-12-18 06:16:06.764000+00:00,2.8697311454245478e-12,11.576154497119342,0.12278754264116287,0.12282843142747879,11.576154708862305,2.8697310830406293e-12,132.0073529411764,0.1228182390332222,0.1228182390332222,0.11727911233901978,132.00735473632812,0.12278754264116287,34.0,0.014941427856683731,0.12285594642162323,0.0939616933465004,1.4526170843964792e-07,,1.4526170811981725e-07,,,,,,,,,,,3,False,velocity,3,4,True,5,4,4,ReLU(),federico,LOCAL,run.py
8521e522df284a9d98ce6d1aceaf22d1,0,FINISHED,/home/federico/mlruns/0/8521e522df284a9d98ce6d1aceaf22d1/artifacts,2021-12-17 20:40:07.588000+00:00,2021-12-18 03:07:54.393000+00:00,0.0,,0.12255775928497314,0.12341096252202988,,0.0,,0.40113627910614014,0.12335851788520813,0.11905231326818466,,0.40033552050590515,39.0,0.006258166395127773,0.12347537279129028,0.09041104465723038,0.0,0.27777788043022156,0.0,0.27777788043022156,0.0,0.2777778208255768,0.0,0.1666666716337204,0.0,1.0,0.2777771055698395,0.0,0.0,3,True,velocity,3,4,False,5,4,4,ReLU(),federico,LOCAL,run.py
4351419d4f984d2ebb4fbebe41d07408,0,FINISHED,/home/federico/mlruns/0/4351419d4f984d2ebb4fbebe41d07408/artifacts,2021-12-17 17:29:22.801000+00:00,2021-12-17 20:40:07.311000+00:00,2.8697311454245478e-12,11.576154497119342,0.12278754264116287,0.12282843142747879,11.576154708862305,2.8697310830406293e-12,132.0073529411764,0.4040146470069885,0.1228182390332222,0.11727911233901978,132.00735473632812,0.39970406889915466,34.0,0.011667964048683643,0.12285594642162323,0.0939616933465004,1.4526170843964792e-07,0.2809351980686188,1.4526170811981725e-07,0.2802501320838928,0.03846153989434242,0.2811962962150574,0.02500000037252903,0.15788663923740387,0.125,0.13385826349258423,0.2769162356853485,0.5416666865348816,0.0833333358168602,3,True,velocity,3,4,True,5,4,4,ReLU(),federico,LOCAL,run.py
309c559a690e4a3081273479d3b51963,0,FINISHED,/home/federico/mlruns/0/309c559a690e4a3081273479d3b51963/artifacts,2021-12-17 14:37:47.341000+00:00,2021-12-17 17:29:22.051000+00:00,0.0,,0.12416250258684158,0.1240118145942688,,0.0,,0.12413135170936584,0.12413135170936584,0.11901514232158661,,0.12416250258684158,34.0,0.01661079190671444,0.12398955225944519,0.09232938289642334,0.0,,0.0,,,,,,,,,,,3,False,velocity,3,4,False,5,4,4,,federico,LOCAL,run.py
4a732c0414a34ab28355ebf2b8d4d888,0,FINISHED,/home/federico/mlruns/0/4a732c0414a34ab28355ebf2b8d4d888/artifacts,2021-12-17 11:09:55.483000+00:00,2021-12-17 14:37:47.325000+00:00,1.253097777452472e-12,9.080076823360997,0.12049844115972519,0.12112186849117279,9.080077171325684,1.2530977820132723e-12,86.12020393865598,0.12102360278367996,0.12102360278367996,0.11460158973932266,86.12020111083984,0.12049844115972519,39.0,0.00420130230486393,0.12114916741847992,0.09080550819635391,6.031273187545594e-07,,6.031273044526431e-07,,,,,,,,,,,3,False,velocity,5,4,True,5,2,4,ReLU(),federico,LOCAL,run.py
22b5d51c7e5e415b955c9d685cb45a9e,0,FINISHED,/home/federico/mlruns/0/22b5d51c7e5e415b955c9d685cb45a9e/artifacts,2021-12-17 04:43:55.087000+00:00,2021-12-17 11:09:55.368000+00:00,0.0,,0.12255781143903732,0.12337740510702133,,0.0,,0.40115222334861755,0.12335840612649918,0.11903393268585205,,0.4003353714942932,39.0,0.008489981293678284,0.12346561998128891,0.09038705378770828,0.0,0.2777946889400482,0.0,0.27779385447502136,0.0,0.27779385447502136,0.03076923079788685,0.17179487645626068,0.0,1.0,0.2777771055698395,0.0,0.0,3,True,velocity,5,4,False,5,2,4,ReLU(),federico,LOCAL,run.py
57fc6a0194d345bfa6bc77d1940ae12d,0,FINISHED,/home/federico/mlruns/0/57fc6a0194d345bfa6bc77d1940ae12d/artifacts,2021-12-17 01:36:07.408000+00:00,2021-12-17 04:43:54.827000+00:00,2.7407167247500697e-12,8.43843582070407,0.12097249925136566,0.12183292955160141,8.438435554504395,2.7407167397434804e-12,76.84594222778193,0.3993382155895233,0.12188462167978287,0.11465221643447876,76.84593963623047,0.3987150192260742,34.0,7.648282189620659e-05,0.12108581513166428,0.09182363003492355,9.157835165751749e-07,0.27764976024627686,9.157835264695732e-07,0.27767807245254517,0.05384615436196327,0.27745354175567627,0.0833333358168602,0.1645408570766449,0.18333333730697632,0.14173229038715363,0.2777422070503235,0.3166666626930237,0.2083333283662796,3,True,velocity,5,4,True,5,2,4,ReLU(),federico,LOCAL,run.py
3fbf2a40da7e417aad50007fcec6a164,0,FINISHED,/home/federico/mlruns/0/3fbf2a40da7e417aad50007fcec6a164/artifacts,2021-12-16 22:17:53.701000+00:00,2021-12-17 01:36:06.652000+00:00,0.0,,0.1210007295012474,0.12109272927045822,,0.0,,0.12014355510473251,0.12014355510473251,0.11706719547510147,,0.1210007295012474,39.0,0.00804611574858427,0.12109272927045822,0.08902253210544586,0.0,,0.0,,,,,,,,,,,3,False,velocity,5,4,False,5,2,4,,federico,LOCAL,run.py
036a19b21d4a42bfb86b88d87ebbf387,0,RUNNING,/home/federico/mlruns/0/036a19b21d4a42bfb86b88d87ebbf387/artifacts,2021-12-16 03:21:13.406000+00:00,,,,,,,,,,,,,,,,,,,,,,,,,,,,,,,3,False,velocity,5,4,False,5,2,4,,federico,LOCAL,run.py
3fa1ffdb33a440a198c0593bd043efce,0,FINISHED,/home/federico/mlruns/0/3fa1ffdb33a440a198c0593bd043efce/artifacts,2021-12-16 00:01:45.133000+00:00,2021-12-16 03:21:13.382000+00:00,3.669149083038017e-19,7.693354242875369,0.17448927462100983,0.16915111243724823,7.69335412979126,3.669148968740381e-19,80.87405155646941,0.16909396648406982,0.16909396648406982,0.15855365991592407,80.87405395507812,0.17448927462100983,39.0,0.0034176120534539223,0.16768372058868408,0.12745770812034607,8.34484037426364e-10,,8.344840580587607e-10,,,,,,,,,,,3,False,velocity,3,4,True,5,2,4,ReLU(),federico,LOCAL,run.py
da7578bf51f440bdba6c7ff9ea186a52,0,FINISHED,/home/federico/mlruns/0/da7578bf51f440bdba6c7ff9ea186a52/artifacts,2021-12-15 20:42:28.164000+00:00,2021-12-16 00:01:44.991000+00:00,0.0,,0.42015132308006287,0.44435229897499084,,0.0,,0.7617743015289307,0.4760653078556061,0.4702969491481781,,0.6993035674095154,39.0,0.01396697387099266,0.32669317722320557,0.14937180280685425,0.0,0.286140501499176,0.0,0.28620246052742004,0.0,0.2857089340686798,0.0,0.1666666716337204,0.0,1.0,0.2791520357131958,0.0,0.0,3,True,velocity,3,4,False,5,2,4,ReLU(),federico,LOCAL,run.py
be7951ad96454444a243160ea1a833b5,0,FINISHED,/home/federico/mlruns/0/be7951ad96454444a243160ea1a833b5/artifacts,2021-12-15 17:26:01.747000+00:00,2021-12-15 20:42:28.040000+00:00,2.99241530481431e-19,7.102754414638426,0.17399439215660095,0.17044077813625336,7.102754592895508,2.9924152778416996e-19,73.62599702777709,0.45457959175109863,0.17792785167694092,0.1622854322195053,73.6259994506836,0.45198965072631836,38.0,0.004676437936723232,0.16837453842163086,0.12685911357402802,8.299870235539686e-10,0.27704980969429016,8.299870195751302e-10,0.27656084299087524,0.03846153989434242,0.2766517400741577,0.10833333432674408,0.14524446427822113,0.125,0.29133859276771545,0.2779950797557831,0.14166666567325592,0.1666666716337204,3,True,velocity,3,4,True,5,2,4,ReLU(),federico,LOCAL,run.py
5b8959a8a16540b99a303c1da00b22da,0,FINISHED,/home/federico/mlruns/0/5b8959a8a16540b99a303c1da00b22da/artifacts,2021-12-15 14:08:52.917000+00:00,2021-12-15 17:26:00.440000+00:00,0.0,,0.1765899956226349,0.16592136025428772,,0.0,,0.1586180180311203,0.1586180180311203,0.14649243652820587,,0.1765899956226349,39.0,0.006091545335948467,0.16592136025428772,0.11720781028270721,0.0,,0.0,,,,,,,,,,,3,False,velocity,3,4,False,5,2,4,,federico,LOCAL,run.py
b2cf69306c1a41c8b51a79f0758ba21c,0,FINISHED,/home/federico/mlruns/0/b2cf69306c1a41c8b51a79f0758ba21c/artifacts,2021-12-15 11:12:04.809000+00:00,2021-12-15 14:08:52.898000+00:00,5.587311863175515e-12,5.138011021323473,0.11657045036554337,0.11748648434877396,5.1380109786987305,5.5873118973089176e-12,34.594919009739435,0.11748657375574112,0.11748657375574112,0.1118483766913414,34.59491729736328,0.11657045036554337,34.0,0.008278087712824345,0.11747635155916214,0.09042975306510925,1.4147125284580397e-06,,1.4147125456208521e-06,,,,,,,,,,,3,False,velocity,5,4,True,5,1,4,ReLU(),federico,LOCAL,run.py
c97bbb0813644f94891eb9a4421ffc35,0,FINISHED,/home/federico/mlruns/0/c97bbb0813644f94891eb9a4421ffc35/artifacts,2021-12-15 04:55:25.494000+00:00,2021-12-15 11:12:04.696000+00:00,0.0,,0.13059717416763306,0.12480640411376953,,0.0,,0.4035537838935852,0.1241023987531662,0.12093178182840347,,0.40837493538856506,39.0,0.018158921971917152,0.12480640411376953,0.0891808420419693,0.0,0.2794504463672638,0.0,0.2794480621814728,0.0,0.2794513404369354,0.0,0.16723842918872833,0.0,0.9090909361839294,0.2777771055698395,0.0,0.09433962404727936,3,True,velocity,5,4,False,5,1,4,ReLU(),federico,LOCAL,run.py
59ba1e9c252543dd90831aea746878d1,0,FINISHED,/home/federico/mlruns/0/59ba1e9c252543dd90831aea746878d1/artifacts,2021-12-15 01:59:56.236000+00:00,2021-12-15 04:55:25.379000+00:00,6.381118290016419e-12,4.663940779531192,0.11671032756567001,0.11772970855236053,4.663940906524658,6.381118155729669e-12,28.63710560242257,0.3980537950992584,0.1178535744547844,0.11175031214952469,28.63710594177246,0.39452844858169556,34.0,0.009477352723479271,0.11710767447948456,0.09057475626468658,1.5357057918663486e-06,0.2794257402420044,1.5357058116797e-06,0.2792421877384186,0.16923077404499054,0.28020021319389343,0.24166665971279144,0.17397284507751465,0.10000000149011612,0.14960630238056183,0.2778177857398987,0.125,0.25833332538604736,3,True,velocity,5,4,True,5,1,4,ReLU(),federico,LOCAL,run.py
208c7d90620042ca8b832b1cf6e4d4d7,0,FINISHED,/home/federico/mlruns/0/208c7d90620042ca8b832b1cf6e4d4d7/artifacts,2021-12-14 22:45:55.302000+00:00,2021-12-15 01:59:55.492000+00:00,0.0,,0.11700764298439026,0.11896562576293945,,0.0,,0.11840839684009552,0.11840839684009552,0.11314418166875839,,0.11700764298439026,39.0,0.013020160607993603,0.1190456673502922,0.08857585489749908,0.0,,0.0,,,,,,,,,,,3,False,velocity,5,4,False,5,1,4,,federico,LOCAL,run.py
967fc2525277479a9fa9d9d728296c4d,0,FINISHED,/home/federico/mlruns/0/967fc2525277479a9fa9d9d728296c4d/artifacts,2021-12-14 19:37:24.956000+00:00,2021-12-14 22:45:55.269000+00:00,551726465679360.0,0.4878053695636509,0.5090638399124146,0.19444069266319275,0.4878053665161133,551726452017208.9,-1.3105285658348627,0.19444066286087036,0.19444066286087036,0.19083096086978912,-1.3105285167694092,0.5090638399124146,34.0,4.709609065852317e-16,0.19444069266319275,0.17343050241470337,22862118.0,,22862118.26961763,,,,,,,,,,,3,False,velocity,3,4,True,5,1,4,ReLU(),federico,LOCAL,run.py
274734a939764643a49fc7cf39ed9b98,0,FINISHED,/home/federico/mlruns/0/274734a939764643a49fc7cf39ed9b98/artifacts,2021-12-14 16:11:38.746000+00:00,2021-12-14 19:37:24.625000+00:00,0.0,,0.3760713040828705,0.369882196187973,,0.0,,0.4635503888130188,0.18462614715099335,0.17702728509902954,,0.6538491249084473,37.0,0.024084247648715973,0.3299897611141205,0.13063615560531616,0.0,0.2789304256439209,0.0,0.2789718806743622,0.0,0.27892422676086426,0.0,0.15290403366088867,0.008333333767950535,0.9090909361839294,0.2777771055698395,0.0,0.0,3,True,velocity,3,4,False,5,1,4,ReLU(),federico,LOCAL,run.py
8a2263c375ac4ceaa94726a1e1c173d3,0,FINISHED,/home/federico/mlruns/0/8a2263c375ac4ceaa94726a1e1c173d3/artifacts,2021-12-14 09:29:44.674000+00:00,2021-12-14 16:11:38.592000+00:00,1.3681884401470223e-12,11.367716044151429,0.13625681400299072,0.13116037845611572,11.367715835571289,1.368188469942058e-12,145.98148216628124,0.4097538888454437,0.13186711072921753,0.1287916749715805,145.98147583007812,0.41393235325813293,39.0,0.02442759834229946,0.1310594081878662,0.10261933505535126,3.838590885152371e-07,0.27791664004325867,3.83859095996748e-07,0.27803584933280945,0.06923077255487442,0.2778867483139038,0.1666666716337204,0.17054983973503113,0.0,0.787401556968689,0.27767542004585266,0.0,0.0,3,True,velocity,3,4,True,5,1,4,ReLU(),federico,LOCAL,run.py
0093596b5f9b423b885d1dc257c556d8,0,FINISHED,/home/federico/mlruns/0/0093596b5f9b423b885d1dc257c556d8/artifacts,2021-12-14 06:10:05.934000+00:00,2021-12-14 09:29:43.840000+00:00,0.0,,0.14385303854942322,0.13472039997577667,,0.0,,0.1334690898656845,0.1334690898656845,0.13397181034088135,,0.14385303854942322,39.0,0.006888869684189558,0.13468588888645172,0.10289425402879715,0.0,,0.0,,,,,,,,,,,3,False,velocity,3,4,False,5,1,4,,federico,LOCAL,run.py
1d182a9ba5784463b95016708ce70ce1,0,RUNNING,/home/federico/mlruns/0/1d182a9ba5784463b95016708ce70ce1/artifacts,2021-12-14 06:09:41.422000+00:00,,,,,,,,,,,,,,,,,,,,,,,,,,,,,,,3,False,velocity,5,4,False,3,4,4,,federico,LOCAL,run.py
ac7ce36d06084d968e571ec9b918c362,0,RUNNING,/home/federico/mlruns/0/ac7ce36d06084d968e571ec9b918c362/artifacts,2021-12-14 06:09:16.267000+00:00,,,,,,,,,,,,,,,,,,,,,,,,,,,,,,,3,False,velocity,3,4,False,3,4,4,,federico,LOCAL,run.py
6a302793076d4916999fbaf15f3f0c3c,0,RUNNING,/home/federico/mlruns/0/6a302793076d4916999fbaf15f3f0c3c/artifacts,2021-12-14 06:05:09.323000+00:00,,,,,,,,,,,,,,,,,,,,,,,,,,,,,,,3,False,velocity,5,4,False,3,2,4,,federico,LOCAL,run.py
113b382ee4854d24a6af335f2026d69a,0,RUNNING,/home/federico/mlruns/0/113b382ee4854d24a6af335f2026d69a/artifacts,2021-12-14 06:00:14.764000+00:00,,,,,,,,,,,,,,,,,,,,,,,,,,,,,,,3,False,velocity,3,4,False,3,2,4,,federico,LOCAL,run.py
521dc6904d974390b0939e3fa2907f2a,0,FINISHED,/home/federico/mlruns/0/521dc6904d974390b0939e3fa2907f2a/artifacts,2021-12-13 19:25:52.106000+00:00,2021-12-14 06:00:13.643000+00:00,0.0,,0.12643077969551086,0.13125653564929962,,0.0,,0.13264761865139008,0.13264761865139008,0.12587431073188782,,0.12643077969551086,39.0,0.007371508050709963,0.13105672597885132,0.0977645292878151,0.0,,0.0,,,,,,,,,,,3,False,velocity,5,4,False,3,1,4,,federico,LOCAL,run.py
a5829a8405284846aa554d3e8f51c975,0,FINISHED,/home/federico/mlruns/0/a5829a8405284846aa554d3e8f51c975/artifacts,2021-12-13 08:41:56.796000+00:00,2021-12-13 19:25:50.042000+00:00,,,,,,,,,,,,,19.0,-1.0,inf,,,,,,,,,,,,,,,3,False,velocity,3,4,False,3,1,4,,federico,LOCAL,run.py
e194a60fcf24446f87347dc69cca2737,0,FINISHED,/home/federico/mlruns/0/e194a60fcf24446f87347dc69cca2737/artifacts,2021-12-09 00:41:58.142000+00:00,2021-12-09 03:57:51.555000+00:00,3.5836122264099046e-11,1.7888543819998317,0.1256205439567566,0.12606972455978394,1.7888543605804443,3.583612090088221e-11,1.2000000000000002,0.1259574145078659,0.1259574145078659,0.12020360678434372,1.2000000476837158,0.1256205439567566,39.0,0.0018766390858218074,0.12606972455978394,0.09835836291313171,2.6771672310133e-06,,2.6771671931682642e-06,,,,,,,,,,,2,False,velocity,5,4,True,5,4,4,ReLU(),federico,LOCAL,run.py
6eacbec2b02d435c99d01f1f3328061f,0,FINISHED,/home/federico/mlruns/0/6eacbec2b02d435c99d01f1f3328061f/artifacts,2021-12-08 18:39:46.762000+00:00,2021-12-09 00:41:58.034000+00:00,0.0,,0.12255774438381195,0.12339091300964355,,0.0,,0.4008709490299225,0.12336316704750061,0.119016632437706,,0.400335431098938,39.0,-0.00033476887620054185,0.12348833680152893,0.09039653837680817,0.0,0.27762410044670105,0.0,0.27761438488960266,0.0,0.27750763297080994,0.0,0.16805554926395416,0.0,1.0,0.2777771055698395,0.008333333767950535,0.0,2,True,velocity,5,4,False,5,4,4,ReLU(),federico,LOCAL,run.py
374a718a19414e40b70db5e8f69364fd,0,FINISHED,/home/federico/mlruns/0/374a718a19414e40b70db5e8f69364fd/artifacts,2021-12-08 12:35:52.503000+00:00,2021-12-08 18:39:46.661000+00:00,6.01238281383587e-10,1.788854381999833,0.12505023181438446,0.12551653385162354,1.7888543605804443,6.012382875685194e-10,1.2000000000000037,0.4038190245628357,0.12540623545646667,0.1196342334151268,1.2000000476837158,0.40272846817970276,39.0,0.006140520330518484,0.12557955086231232,0.09770546108484268,1.096574942494044e-05,0.27843210101127625,1.096574929102904e-05,0.2785601019859314,0.5307692289352417,0.27841269969940186,0.0,0.19294534623622894,0.0416666679084301,0.11023622006177902,0.2776782810688019,0.44999998807907104,0.02500000037252903,2,True,velocity,5,4,True,5,4,4,ReLU(),federico,LOCAL,run.py
6a547cac45e34949a59f09e1696069c5,0,FINISHED,/home/federico/mlruns/0/6a547cac45e34949a59f09e1696069c5/artifacts,2021-12-08 09:23:03.829000+00:00,2021-12-08 12:35:51.769000+00:00,0.0,,0.1264609545469284,0.12883242964744568,,0.0,,0.12867696583271027,0.12867696583271027,0.12221673876047134,,0.1264609545469284,39.0,0.002483515767380595,0.12847360968589783,0.09770756959915161,0.0,,0.0,,,,,,,,,,,2,False,velocity,5,4,False,5,4,4,,federico,LOCAL,run.py
0a3becf0e8b940c2bbc567d1420ee802,0,FINISHED,/home/federico/mlruns/0/0a3becf0e8b940c2bbc567d1420ee802/artifacts,2021-12-08 06:26:36.578000+00:00,2021-12-08 09:23:03.818000+00:00,3.771498738314172e-12,10.05035863727579,0.12277679890394211,0.12280546873807907,10.050358772277832,3.7714987993357654e-12,99.00970873786407,0.12279558181762695,0.12279558181762695,0.11727292090654373,99.00971221923828,0.12277679890394211,34.0,0.00792322214692831,0.12283337116241455,0.09390764683485031,1.9135435991302074e-07,,1.9135436550399004e-07,,,,,,,,,,,2,False,velocity,3,4,True,5,4,4,ReLU(),federico,LOCAL,run.py
4f97de1f296e498d8684687934ae5d5e,0,FINISHED,/home/federico/mlruns/0/4f97de1f296e498d8684687934ae5d5e/artifacts,2021-12-08 00:21:23.370000+00:00,2021-12-08 06:26:36.461000+00:00,0.0,,0.12255781143903732,0.12337284535169601,,0.0,,0.401153028011322,0.1233585923910141,0.1190338209271431,,0.40033555030822754,39.0,0.010502230376005173,0.12337719649076462,0.0903875008225441,0.0,0.2777944505214691,0.0,0.2777942717075348,0.03333333507180214,0.27779433131217957,0.0,0.16616161167621613,0.0,0.9636363387107849,0.2777771055698395,0.0,0.0,2,True,velocity,3,4,False,5,4,4,ReLU(),federico,LOCAL,run.py
876d0d0f2c15400980d2f23b2e6b7f0d,0,FINISHED,/home/federico/mlruns/0/876d0d0f2c15400980d2f23b2e6b7f0d/artifacts,2021-12-07 21:27:37.776000+00:00,2021-12-08 00:21:23.234000+00:00,3.771498738314172e-12,10.05035863727579,0.12277679890394211,0.12280266731977463,10.050358772277832,3.7714987993357654e-12,99.00970873786407,0.4014570415019989,0.12279240787029266,0.11727412045001984,99.00971221923828,0.40025368332862854,34.0,0.008477005176246166,0.12283221632242203,0.09389761835336685,1.9135435991302074e-07,0.27868708968162537,1.9135436550399004e-07,0.27875277400016785,0.16153846681118011,0.27866455912590027,0.0,0.16863349080085754,0.2750000059604645,0.5669291615486145,0.27747687697410583,0.008333333767950535,0.0,2,True,velocity,3,4,True,5,4,4,ReLU(),federico,LOCAL,run.py
ad22a1df0f7a49e4ba6041562c389cb3,0,FINISHED,/home/federico/mlruns/0/ad22a1df0f7a49e4ba6041562c389cb3/artifacts,2021-12-07 18:37:22.665000+00:00,2021-12-07 21:27:37.028000+00:00,0.0,,0.12416165322065353,0.12400785833597183,,0.0,,0.12409929931163788,0.12409929931163788,0.11901836842298508,,0.12416165322065353,34.0,0.0044887010008096695,0.12396735697984695,0.09227950870990753,0.0,,0.0,,,,,,,,,,,2,False,velocity,3,4,False,5,4,4,,federico,LOCAL,run.py
00998d16567c47d381c1d130ac25143b,0,FINISHED,/home/federico/mlruns/0/00998d16567c47d381c1d130ac25143b/artifacts,2021-12-07 15:22:44.806000+00:00,2021-12-07 18:37:22.655000+00:00,7.844899035935882e-11,1.788854381999833,0.12412082403898239,0.12440745532512665,1.7888543605804443,7.844899180921458e-11,1.2000000000000037,0.12433911114931107,0.12433911114931107,0.11857999116182327,1.2000000476837158,0.12412082403898239,39.0,4.709609065852317e-16,0.12442706525325775,0.09643100947141647,3.961034963140264e-06,,3.961035011438666e-06,,,,,,,,,,,2,False,velocity,5,4,True,5,2,4,ReLU(),federico,LOCAL,run.py
e4a06b3e15a145809d63c35930e0eab1,0,FINISHED,/home/federico/mlruns/0/e4a06b3e15a145809d63c35930e0eab1/artifacts,2021-12-07 09:21:18.072000+00:00,2021-12-07 15:22:44.572000+00:00,0.0,,0.12255790829658508,0.12338265031576157,,0.0,,0.4011363387107849,0.12335841357707977,0.11903394013643265,,0.40033555030822754,39.0,-1.541418646012555e-16,0.12345009297132492,0.0903870239853859,0.0,0.27777788043022156,0.0,0.27777788043022156,0.0,0.2777778208255768,0.0,0.1666666716337204,0.0,1.0,0.2777771055698395,0.0,0.0,2,True,velocity,5,4,False,5,2,4,ReLU(),federico,LOCAL,run.py
b76d97c43c3e444488a8c50d6d45b413,0,FINISHED,/home/federico/mlruns/0/b76d97c43c3e444488a8c50d6d45b413/artifacts,2021-12-07 03:19:17.708000+00:00,2021-12-07 09:21:17.972000+00:00,8.272200702208465e-10,1.7888543819998306,0.12375609576702118,0.12406458705663681,1.7888543605804443,8.272200695883726e-10,1.1999999999999966,0.40177837014198303,0.12400051951408386,0.1182497963309288,1.2000000476837158,0.4015338718891144,39.0,4.709609065852317e-16,0.12412053346633911,0.09597548097372055,1.286250426346669e-05,0.27777785062789917,1.2862504185331661e-05,0.27777785062789917,0.0,0.2777777314186096,0.0,0.1666666716337204,1.0,0.0,0.2777771055698395,0.0,0.0,2,True,velocity,5,4,True,5,2,4,ReLU(),federico,LOCAL,run.py
8181646836d24362b9059386cc6c49d5,0,FINISHED,/home/federico/mlruns/0/8181646836d24362b9059386cc6c49d5/artifacts,2021-12-07 00:06:43.939000+00:00,2021-12-07 03:19:17.002000+00:00,0.0,,0.12658698856830597,0.1278952807188034,,0.0,,0.12640105187892914,0.12640105187892914,0.12039139121770859,,0.12658698856830597,39.0,-1.541418646012555e-16,0.1278952807188034,0.0953894853591919,0.0,,0.0,,,,,,,,,,,2,False,velocity,5,4,False,5,2,4,,federico,LOCAL,run.py
3702f89266a849d1a7f2e375c8f89a1e,0,FINISHED,/home/federico/mlruns/0/3702f89266a849d1a7f2e375c8f89a1e/artifacts,2021-12-06 20:50:41.335000+00:00,2021-12-07 00:06:43.918000+00:00,4.144673428248258e-13,6.7515183714668625,0.12392255663871765,0.12477029860019684,6.751518249511719,4.144673513909391e-13,49.52470767166167,0.12359632551670074,0.12359632551670074,0.1187346875667572,49.52470779418945,0.12392255663871765,39.0,0.010322434827685356,0.12477029860019684,0.09122475236654282,1.5548808107723744e-07,,1.5548808444514097e-07,,,,,,,,,,,2,False,velocity,3,4,True,5,2,4,ReLU(),federico,LOCAL,run.py
850581b98067476e8c91ec9597962c1b,0,FINISHED,/home/federico/mlruns/0/850581b98067476e8c91ec9597962c1b/artifacts,2021-12-06 14:44:47.062000+00:00,2021-12-06 20:50:41.217000+00:00,0.0,,0.126690074801445,0.1299409568309784,,0.0,,0.40488776564598083,0.12677298486232758,0.12066785246133804,,0.404467910528183,39.0,0.026669882237911224,0.1299409568309784,0.09577422589063644,0.0,0.2781114876270294,0.0,0.2778092324733734,0.0,0.2781147360801697,0.0,0.15416666865348816,0.02500000037252903,0.8999999761581421,0.2777771055698395,0.0,0.0,2,True,velocity,3,4,False,5,2,4,ReLU(),federico,LOCAL,run.py
909a268d30964e68bb075b485536c24d,0,FINISHED,/home/federico/mlruns/0/909a268d30964e68bb075b485536c24d/artifacts,2021-12-06 11:28:06.262000+00:00,2021-12-06 14:44:46.933000+00:00,3.795198964123836e-12,6.686307413348459,0.12359360605478287,0.12420552223920822,6.686307430267334,3.79519881799687e-12,48.70957537612186,0.4012095034122467,0.12441646307706833,0.11888998746871948,48.70957565307617,0.40142321586608887,39.0,0.009010775946080685,0.12417522072792053,0.09140762686729431,4.982455266144825e-07,0.27619773149490356,4.982455364905833e-07,0.2761467695236206,0.015384615398943424,0.2767930328845978,0.19166666269302368,0.16084276139736176,0.01666666753590107,0.29133859276771545,0.2778293490409851,0.2916666567325592,0.15833333134651184,2,True,velocity,3,4,True,5,2,4,ReLU(),federico,LOCAL,run.py
2034ffface1d4ff1bdfcbf9e9648a078,0,FINISHED,/home/federico/mlruns/0/2034ffface1d4ff1bdfcbf9e9648a078/artifacts,2021-12-06 08:13:44.736000+00:00,2021-12-06 11:28:05.373000+00:00,0.0,,0.12438696622848511,0.12547098100185394,,0.0,,0.1262774020433426,0.1262774020433426,0.12235105782747269,,0.12438696622848511,39.0,0.0064002471044659615,0.1252703070640564,0.08958693593740463,0.0,,0.0,,,,,,,,,,,2,False,velocity,3,4,False,5,2,4,,federico,LOCAL,run.py
ba9c5ba2476d49888c82547376145b60,0,FINISHED,/home/federico/mlruns/0/ba9c5ba2476d49888c82547376145b60/artifacts,2021-12-06 05:17:56.684000+00:00,2021-12-06 08:13:44.723000+00:00,7.444476878960931e-21,0.6757589656224973,0.19340087473392487,0.18871243298053741,0.675758957862854,7.444477243465876e-21,-0.2727070984571127,0.18860648572444916,0.18860648572444916,0.1967739760875702,-0.27270710468292236,0.19340087473392487,35.0,0.004287534859031439,0.188487708568573,0.136293426156044,1.1299634838923822e-10,,1.1299634628392836e-10,,,,,,,,,,,2,False,velocity,5,4,True,5,1,4,ReLU(),federico,LOCAL,run.py
6129f9745aa246f1b52b20d8ef0040ee,0,FINISHED,/home/federico/mlruns/0/6129f9745aa246f1b52b20d8ef0040ee/artifacts,2021-12-06 00:42:16.384000+00:00,2021-12-06 05:17:56.582000+00:00,0.0,,0.19234243035316467,0.1778648942708969,,0.0,,0.4554867148399353,0.1775343418121338,0.1955910176038742,,0.47012627124786377,34.0,0.007692366372793913,0.17777548730373383,0.1390579491853714,0.0,0.27808690071105957,0.0,0.27807512879371643,0.46000000834465027,0.27795231342315674,0.0,0.18240566551685333,0.5916666388511658,0.0,0.27778396010398865,0.03333333507180214,0.009433962404727936,2,True,velocity,5,4,False,5,1,4,ReLU(),federico,LOCAL,run.py
15d46fcf357c4c8680bbd885ee2ade95,0,FINISHED,/home/federico/mlruns/0/15d46fcf357c4c8680bbd885ee2ade95/artifacts,2021-12-05 18:27:14.116000+00:00,2021-12-06 00:42:16.283000+00:00,1.4565848552736886e-15,1.059556077897904,0.18454554677009583,0.17859676480293274,1.0595561265945435,1.4565848176357054e-15,0.010946183662591036,0.45520561933517456,0.17611494660377502,0.182554692029953,0.010946185328066349,0.4622816741466522,39.0,0.007767862174659967,0.17859676480293274,0.11936061084270477,4.190627223010779e-08,0.27930784225463867,4.190627102623473e-08,0.28010520339012146,0.4692307710647583,0.27909061312675476,0.01666666753590107,0.13993960618972778,0.0,0.07874015718698502,0.27773624658584595,0.2750000059604645,0.0,2,True,velocity,5,4,True,5,1,4,ReLU(),federico,LOCAL,run.py
ede9633aa8144248b44956b59c876c31,0,FINISHED,/home/federico/mlruns/0/ede9633aa8144248b44956b59c876c31/artifacts,2021-12-05 15:10:38.650000+00:00,2021-12-05 18:27:13.383000+00:00,0.0,,0.19396577775478363,0.17766886949539185,,0.0,,0.17877055704593658,0.17877055704593658,0.19697865843772888,,0.19396577775478363,39.0,0.009672722779214382,0.17744871973991394,0.1398632973432541,0.0,,0.0,,,,,,,,,,,2,False,velocity,5,4,False,5,1,4,,federico,LOCAL,run.py
a660e14c63da42f19c8775f8144e2c3e,0,RUNNING,/home/federico/mlruns/0/a660e14c63da42f19c8775f8144e2c3e/artifacts,2021-12-05 09:32:08.315000+00:00,,1.9890029321786706e-17,,0.1791650801897049,,-0.003947732038795948,,,0.16737540066242218,0.16737540066242218,,-1.0855180025100708,0.1791650801897049,4.0,,,,6.994638646062867e-09,,,,,,,,,,,,,2,False,velocity,5,4,True,5,1,4,ReLU(),federico,LOCAL,run.py
5831fdc21bc34423a54f6bec7946a5aa,0,FINISHED,/home/federico/mlruns/0/5831fdc21bc34423a54f6bec7946a5aa/artifacts,2021-12-05 03:29:02.878000+00:00,2021-12-05 09:32:08.215000+00:00,0.0,,0.12255772948265076,0.1233869343996048,,0.0,,0.4011366069316864,0.12335865944623947,0.11903379112482071,,0.4003354012966156,39.0,0.012806390412151814,0.1234663650393486,0.09038761258125305,0.0,0.27777788043022156,0.0,0.27777788043022156,0.0,0.2777778208255768,0.0,0.1666666716337204,0.0,1.0,0.2777771055698395,0.0,0.0,2,True,velocity,5,4,False,5,1,4,ReLU(),federico,LOCAL,run.py
02a96f03becb47f89db39b57333d993a,0,FINISHED,/home/federico/mlruns/0/02a96f03becb47f89db39b57333d993a/artifacts,2021-12-05 00:37:43.974000+00:00,2021-12-05 03:29:02.778000+00:00,1.3325231413891801e-21,1.3390449496573724,0.17787356674671173,0.16813084483146667,1.3390449285507202,1.3325231283987074e-21,0.5438831190336884,0.4463792145252228,0.16844798624515533,0.16564911603927612,0.5438831448554993,0.4554617404937744,34.0,-0.0006391438073478639,0.16793127357959747,0.11052528023719788,3.9134875895463495e-11,0.27793604135513306,3.9134874214326646e-11,0.277902752161026,0.05384615436196327,0.27793124318122864,0.0,0.1617521345615387,0.02500000037252903,0.0,0.27758827805519104,0.0,0.8916666507720947,2,True,velocity,5,4,True,5,1,4,ReLU(),federico,LOCAL,run.py
49d88b5efbed422baf9f7ee9652bc963,0,FINISHED,/home/federico/mlruns/0/49d88b5efbed422baf9f7ee9652bc963/artifacts,2021-12-04 21:24:22.410000+00:00,2021-12-05 00:37:42.873000+00:00,0.0,,0.17897479236125946,0.16423265635967255,,0.0,,0.16426703333854675,0.16426703333854675,0.16456131637096405,,0.17897479236125946,39.0,0.00018718726641964167,0.16377513110637665,0.11112315207719803,0.0,,0.0,,,,,,,,,,,2,False,velocity,5,4,False,5,1,4,,federico,LOCAL,run.py
3f26c04d203148c78dd0b45d9717acc9,0,FINISHED,/home/federico/mlruns/0/3f26c04d203148c78dd0b45d9717acc9/artifacts,2021-12-04 18:19:47.421000+00:00,2021-12-04 21:24:22.375000+00:00,3.807431800395555e-12,10.000490183945702,0.12271464616060257,0.12274334579706192,10.000490188598633,3.807431865835393e-12,98.00980392000145,0.12273316085338593,0.12273316085338593,0.11722610145807266,98.00980377197266,0.12271464616060257,34.0,0.004964885301887989,0.12277086824178696,0.09367747604846954,1.9320528110711166e-07,,1.9320527496008596e-07,,,,,,,,,,,2,False,velocity,3,4,True,5,1,4,ReLU(),federico,LOCAL,run.py
a5095cd25757466981774a6d621705b8,0,FINISHED,/home/federico/mlruns/0/a5095cd25757466981774a6d621705b8/artifacts,2021-12-04 11:38:50.673000+00:00,2021-12-04 18:19:47.289000+00:00,0.0,,0.12255772948265076,0.12336666136980057,,0.0,,0.39299437403678894,0.12335872650146484,0.11903375387191772,,0.4003354012966156,39.0,-1.541418646012555e-16,0.12337438762187958,0.09038776904344559,0.0,0.2696356773376465,0.0,0.2696356773376465,0.0,0.26963573694229126,0.0,0.1666666716337204,1.0,0.0,0.2777771055698395,0.0,0.0,2,True,velocity,3,4,False,5,1,4,ReLU(),federico,LOCAL,run.py
b2ac61f0aebe44dbb4a8af2c4d242cfe,0,FINISHED,/home/federico/mlruns/0/b2ac61f0aebe44dbb4a8af2c4d242cfe/artifacts,2021-12-04 08:28:16.851000+00:00,2021-12-04 11:38:50.417000+00:00,3.807432234076424e-12,10.000490184060576,0.12271464616060257,0.12274334579706192,10.000490188598633,3.807432331462176e-12,98.00980392151804,0.4015621840953827,0.12273316085338593,0.11722610145807266,98.00980377197266,0.40063586831092834,34.0,0.008152217604219913,0.12277086824178696,0.09367747604846954,1.9320407318446087e-07,0.2787064015865326,1.932040698724574e-07,0.27803775668144226,0.03076923079788685,0.27882906794548035,0.07500000298023224,0.1716417670249939,0.0833333358168602,0.015748031437397003,0.277921587228775,0.0,0.824999988079071,2,True,velocity,3,4,True,5,1,4,ReLU(),federico,LOCAL,run.py
1bb496fc47d44cef87415ba9110e5a86,0,FINISHED,/home/federico/mlruns/0/1bb496fc47d44cef87415ba9110e5a86/artifacts,2021-12-04 05:31:59.714000+00:00,2021-12-04 08:28:16.117000+00:00,0.0,,0.12416963279247284,0.12399742007255554,,0.0,,0.12400200963020325,0.12400200963020325,0.11897823214530945,,0.12416963279247284,34.0,0.003395605133846402,0.12400306761264801,0.09203489869832993,0.0,,0.0,,,,,,,,,,,2,False,velocity,3,4,False,5,1,4,,federico,LOCAL,run.py
cb7fa5bc02f742f4826af6029ca5ea19,0,RUNNING,/home/federico/mlruns/0/cb7fa5bc02f742f4826af6029ca5ea19/artifacts,2021-12-04 05:31:23.661000+00:00,,,,,,,,,,,,,,,,,,,,,,,,,,,,,,,2,False,velocity,5,4,False,3,4,4,,federico,LOCAL,run.py
9a91382d0af54cbea291233f39ad2a69,0,RUNNING,/home/federico/mlruns/0/9a91382d0af54cbea291233f39ad2a69/artifacts,2021-12-04 05:30:59.150000+00:00,,,,,,,,,,,,,,,,,,,,,,,,,,,,,,,2,False,velocity,3,4,False,3,4,4,,federico,LOCAL,run.py
d9524fbcb57649509bd5d1257b122ec9,0,FINISHED,/home/federico/mlruns/0/d9524fbcb57649509bd5d1257b122ec9/artifacts,2021-12-04 02:21:58.926000+00:00,2021-12-04 05:30:59.120000+00:00,2.802740172329262e-16,13.553670861790254,0.15798011422157288,0.1384531855583191,13.553670883178711,2.8027401192625593e-16,190.38317539470646,0.1393435150384903,0.1393435150384903,0.13635681569576263,190.3831787109375,0.15798011422157288,34.0,0.004120095632970333,0.1372004896402359,0.11889991164207458,9.682246115971793e-09,,9.68224588297841e-09,,,,,,,,,,,2,False,velocity,5,4,True,3,2,4,ReLU(),federico,LOCAL,run.py
9b9f37b3af6d4735a1885fbceaa06a50,0,FINISHED,/home/federico/mlruns/0/9b9f37b3af6d4735a1885fbceaa06a50/artifacts,2021-12-03 19:42:48.606000+00:00,2021-12-04 02:21:58.777000+00:00,0.0,,0.12255886197090149,0.12339115887880325,,0.0,,0.4011407792568207,0.12336298078298569,0.11903110891580582,,0.4003363251686096,39.0,0.007912259548902512,0.1234179139137268,0.09039832651615143,0.0,0.27777788043022156,0.0,0.27777788043022156,0.0,0.2777778208255768,0.0,0.1666666716337204,0.0,1.0,0.2777771055698395,0.0,0.0,2,True,velocity,5,4,False,3,2,4,ReLU(),federico,LOCAL,run.py
cabbad14f0ef47b4847d20113d8af03c,0,FINISHED,/home/federico/mlruns/0/cabbad14f0ef47b4847d20113d8af03c/artifacts,2021-12-03 16:03:40.289000+00:00,2021-12-03 19:42:48.456000+00:00,4.0517713966944924e-13,13.597060137934598,0.15191419422626495,0.14209714531898499,13.597060203552246,4.051771437473351e-13,190.94305420932608,0.42053690552711487,0.14138978719711304,0.14093750715255737,190.94305419921875,0.4295196533203125,39.0,-0.0015219595516100526,0.13717341423034668,0.11469287425279617,3.058719642012875e-07,0.27773338556289673,3.0587196530742093e-07,0.27726995944976807,0.03846153989434242,0.27914708852767944,0.02500000037252903,0.1788512021303177,0.05000000074505806,0.834645688533783,0.27760541439056396,0.05000000074505806,0.07500000298023224,2,True,velocity,5,4,True,3,2,4,ReLU(),federico,LOCAL,run.py
a4a2114228d54ebcb06e519c14364832,0,FINISHED,/home/federico/mlruns/0/a4a2114228d54ebcb06e519c14364832/artifacts,2021-12-03 12:43:05.282000+00:00,2021-12-03 16:03:39.482000+00:00,0.0,,0.16056112945079803,0.14091068506240845,,0.0,,0.14805351197719574,0.14805351197719574,0.1458035409450531,,0.16056112945079803,39.0,0.003238411620259285,0.13797764480113983,0.1162484660744667,0.0,,0.0,,,,,,,,,,,2,False,velocity,5,4,False,3,2,4,,federico,LOCAL,run.py
47ea002001424edf9dbe4099475b8339,0,RUNNING,/home/federico/mlruns/0/47ea002001424edf9dbe4099475b8339/artifacts,2021-12-03 12:42:27.967000+00:00,,,,,,,,,,,,,,,,,,,,,,,,,,,,,,,2,False,velocity,3,4,False,3,2,4,,federico,LOCAL,run.py
04918a2625d34b98a95ab2fbb8892998,0,FINISHED,/home/federico/mlruns/0/04918a2625d34b98a95ab2fbb8892998/artifacts,2021-12-02 03:00:56.238000+00:00,2021-12-02 06:09:01.345000+00:00,2.354385404083198e-13,26.115157691428458,0.12256383895874023,0.12255663424730301,26.115158081054688,2.354385334393379e-13,680.0014614956019,0.12255482375621796,0.12255482375621796,0.11713051050901413,680.00146484375,0.12256383895874023,34.0,0.009300267323851585,0.12256384640932083,0.09309154003858566,1.8553807379362297e-08,,1.8553807441372037e-08,,,,,,,,,,,2,False,velocity,5,4,True,3,1,4,ReLU(),federico,LOCAL,run.py
eea8952489e64dd19b593c5e7a749fcd,0,FINISHED,/home/federico/mlruns/0/eea8952489e64dd19b593c5e7a749fcd/artifacts,2021-12-01 20:15:44.658000+00:00,2021-12-02 02:56:53.624000+00:00,0.0,,0.12255784869194031,0.12337299436330795,,0.0,,0.40119120478630066,0.12335863709449768,0.1190338134765625,,0.40033552050590515,39.0,0.005693318322300911,0.12339526414871216,0.09038753807544708,0.0,0.2778313159942627,0.0,0.2778300642967224,0.0,0.277832567691803,0.023076923564076424,0.1705128252506256,0.0,1.0,0.2777771055698395,0.0,0.0,2,True,velocity,5,4,False,3,1,4,ReLU(),federico,LOCAL,run.py
7f0ec81d39f547c99c874af044d6b695,0,FINISHED,/home/federico/mlruns/0/7f0ec81d39f547c99c874af044d6b695/artifacts,2021-12-01 16:17:47.594000+00:00,2021-12-01 20:11:40.740000+00:00,2.354389740891888e-13,26.115157696976073,0.12256385385990143,0.12255663424730301,26.115158081054688,2.3543897559043906e-13,680.0014616884915,0.40113914012908936,0.12255482375621796,0.11713051050901413,680.00146484375,0.40016910433769226,34.0,0.008928117342293262,0.12256384640932083,0.09309154003858566,1.8553823366573852e-08,0.27812424302101135,1.855382288096411e-08,0.2780572175979614,0.1230769231915474,0.278584361076355,0.05000000074505806,0.15063093602657318,0.3333333432674408,0.33070865273475647,0.27760520577430725,0.05833333358168602,0.008333333767950535,2,True,velocity,5,4,True,3,1,4,ReLU(),federico,LOCAL,run.py
347be88fd6ec4dd2ab4f43b72d2e040d,0,FINISHED,/home/federico/mlruns/0/347be88fd6ec4dd2ab4f43b72d2e040d/artifacts,2021-12-01 13:19:25.717000+00:00,2021-12-01 16:13:04.423000+00:00,0.0,,0.12267223745584488,0.12367230653762817,,0.0,,0.12368578463792801,0.12368578463792801,0.1188880056142807,,0.12267223745584488,34.0,0.002042656997218728,0.12365258485078812,0.09144367277622223,0.0,,0.0,,,,,,,,,,,2,False,velocity,5,4,False,3,1,4,,federico,LOCAL,run.py
800362bf27414c8e92cb53b8f445aa99,0,FINISHED,/home/federico/mlruns/0/800362bf27414c8e92cb53b8f445aa99/artifacts,2021-12-01 07:47:48.044000+00:00,2021-12-01 13:15:15.783000+00:00,5.9289282400179326e-15,20.767356671277497,0.1320590376853943,0.13403178751468658,20.767356872558594,5.928928221482016e-15,564.9937241721732,0.13468791544437408,0.13468791544437408,0.13146188855171204,564.9937133789062,0.1320590376853943,39.0,0.009003228507936,0.1338297575712204,0.09447087347507477,4.1821280660769844e-08,,4.18212790454736e-08,,,,,,,,,,,2,False,velocity,3,4,True,3,1,4,ReLU(),federico,LOCAL,run.py
22f9d64660334031bfeddd66f55942ba,0,FINISHED,/home/federico/mlruns/0/22f9d64660334031bfeddd66f55942ba/artifacts,2021-11-30 22:26:28.126000+00:00,2021-12-01 07:43:41.229000+00:00,0.0,,0.12255781143903732,0.12343534082174301,,0.0,,0.40133634209632874,0.12335840612649918,0.11903393268585205,,0.4003353714942932,39.0,0.011298763565719128,0.12347321212291718,0.09038705378770828,0.0,0.2779659926891327,0.0,0.27796390652656555,0.0,0.2779778838157654,0.0,0.16566608846187592,0.0,0.9090909361839294,0.2777771055698395,0.0,0.08490566164255142,2,True,velocity,3,4,False,3,1,4,ReLU(),federico,LOCAL,run.py
368e42693ed74739a0915c848d496df3,0,FINISHED,/home/federico/mlruns/0/368e42693ed74739a0915c848d496df3/artifacts,2021-11-30 14:19:57.754000+00:00,2021-11-30 22:21:31.790000+00:00,4.25328192930629e-26,24.006105860810244,0.13428643345832825,0.13672420382499695,24.006105422973633,4.253281794281726e-26,726.5765582407056,0.4156566858291626,0.13780401647090912,0.13432273268699646,726.5765380859375,0.4122079014778137,39.0,0.008845637552440166,0.1355466991662979,0.09638522565364838,6.823769929100928e-14,0.27803346514701843,6.823769663392275e-14,0.27791827917099,0.0,0.2778528034687042,0.0,0.1665135622024536,0.0,0.015748031437397003,0.2779214382171631,0.008333333767950535,0.9750000238418579,2,True,velocity,3,4,True,3,1,4,ReLU(),federico,LOCAL,run.py
ee8390a740b74003b6f1bf58a03b4d64,0,FINISHED,/home/federico/mlruns/0/ee8390a740b74003b6f1bf58a03b4d64/artifacts,2021-11-30 10:44:58.666000+00:00,2021-11-30 14:15:14.709000+00:00,0.0,,0.1332719624042511,0.14016079902648926,,0.0,,0.1337544023990631,0.1337544023990631,0.13427232205867767,,0.1332719624042511,39.0,0.0070604863576591015,0.14016079902648926,0.09513428062200546,0.0,,0.0,,,,,,,,,,,2,False,velocity,3,4,False,3,1,4,,federico,LOCAL,run.py
6d03392e912e4d388aba975dda734648,0,FINISHED,/home/federico/mlruns/0/6d03392e912e4d388aba975dda734648/artifacts,2021-11-28 20:14:16.939000+00:00,2021-11-28 23:26:53.580000+00:00,7.411732767239818e-14,1.788854381999833,0.15640553832054138,0.15572215616703033,1.7888543605804443,7.411732721763697e-14,1.2000000000000037,0.15532535314559937,0.15532535314559937,0.1561933159828186,1.2000000476837158,0.15640553832054138,39.0,4.709609065852317e-16,0.1557791531085968,0.10375623404979706,1.2175165409189503e-07,,1.217516547876348e-07,,,,,,,,,,,1,False,velocity,5,4,True,5,4,4,ReLU(),federico,LOCAL,run.py
0669a6a2d8b54bd5bb2611d6eb1a4eb3,0,FINISHED,/home/federico/mlruns/0/0669a6a2d8b54bd5bb2611d6eb1a4eb3/artifacts,2021-11-28 14:05:06.060000+00:00,2021-11-28 20:10:25.766000+00:00,0.0,,0.1581457555294037,0.15467558801174164,,0.0,,0.4323835074901581,0.15460574626922607,0.1589842587709427,,0.43592387437820435,39.0,-1.541418646012555e-16,0.15473541617393494,0.10523469001054764,0.0,0.2777777314186096,0.0,0.2777777314186096,0.0,0.2777775824069977,0.0,0.1666666716337204,1.0,0.0,0.2777771055698395,0.0,0.0,1,True,velocity,5,4,False,5,4,4,ReLU(),federico,LOCAL,run.py
b423d3e1a61f49cab5b10087c4cabc46,0,FINISHED,/home/federico/mlruns/0/b423d3e1a61f49cab5b10087c4cabc46/artifacts,2021-11-28 07:56:35.908000+00:00,2021-11-28 14:01:17.122000+00:00,9.1145146985383e-13,1.7888543819998306,0.15440531075000763,0.15372461080551147,1.7888543605804443,9.114514279109907e-13,1.1999999999999966,0.4311184585094452,0.15334059298038483,0.15402483940124512,1.2000000476837158,0.4321832060813904,39.0,4.709609065852317e-16,0.15377946197986603,0.10281738638877869,4.269546707291738e-07,0.27777785062789917,4.269546645513995e-07,0.27777785062789917,1.0,0.277777761220932,0.0,0.1666666716337204,0.0,0.0,0.2777771055698395,0.0,0.0,1,True,velocity,5,4,True,5,4,4,ReLU(),federico,LOCAL,run.py
3de6892f63f74cb8baeda0cc0e836b55,0,FINISHED,/home/federico/mlruns/0/3de6892f63f74cb8baeda0cc0e836b55/artifacts,2021-11-28 04:39:33.281000+00:00,2021-11-28 07:52:48.201000+00:00,0.0,,0.15892115235328674,0.15542007982730865,,0.0,,0.15535223484039307,0.15535223484039307,0.15981091558933258,,0.15892115235328674,39.0,-1.541418646012555e-16,0.15543954074382782,0.10564665496349335,0.0,,0.0,,,,,,,,,,,1,False,velocity,5,4,False,5,4,4,,federico,LOCAL,run.py
33ddfaa6ac7c4c86b7b2887f647223cd,0,FINISHED,/home/federico/mlruns/0/33ddfaa6ac7c4c86b7b2887f647223cd/artifacts,2021-11-28 01:21:04.053000+00:00,2021-11-28 04:35:42.205000+00:00,7.411732767239818e-14,1.788854381999833,0.1567094326019287,0.15602289140224457,1.7888543605804443,7.411732721763697e-14,1.2000000000000037,0.15562628209590912,0.15562628209590912,0.15652325749397278,1.2000000476837158,0.1567094326019287,39.0,4.709609065852317e-16,0.15607985854148865,0.10389196127653122,1.2175165409189503e-07,,1.217516547876348e-07,,,,,,,,,,,1,False,velocity,3,4,True,5,4,4,ReLU(),federico,LOCAL,run.py
58e77e514c574053af9ffca9a7c47c55,0,FINISHED,/home/federico/mlruns/0/58e77e514c574053af9ffca9a7c47c55/artifacts,2021-11-27 19:12:48.757000+00:00,2021-11-28 01:17:14.711000+00:00,0.0,,0.15844829380512238,0.1549667865037918,,0.0,,0.43267470598220825,0.15489701926708221,0.15930679440498352,,0.4362263083457947,39.0,-1.541418646012555e-16,0.1550265997648239,0.10539395362138748,0.0,0.27777770161628723,0.0,0.27777770161628723,0.0,0.27777761220932007,1.0,0.1666666716337204,0.0,0.0,0.2777771055698395,0.0,0.0,1,True,velocity,3,4,False,5,4,4,ReLU(),federico,LOCAL,run.py
5f2b544b7cfc4ef99ac8db72dbcbb786,0,FINISHED,/home/federico/mlruns/0/5f2b544b7cfc4ef99ac8db72dbcbb786/artifacts,2021-11-27 13:06:37.581000+00:00,2021-11-27 19:08:59.873000+00:00,8.939323890497231e-13,1.7888543819998317,0.15468931198120117,0.15400895476341248,1.7888543605804443,8.939323939960728e-13,1.2000000000000002,0.4313981235027313,0.15362027287483215,0.15433183312416077,1.2000000476837158,0.4324670135974884,39.0,4.709609065852317e-16,0.15406447649002075,0.10296623408794403,4.2283150492039567e-07,0.27777785062789917,4.2283150166374145e-07,0.27777785062789917,0.0,0.277777761220932,0.0,0.1666666716337204,1.0,0.0,0.2777771055698395,0.0,0.0,1,True,velocity,3,4,True,5,4,4,ReLU(),federico,LOCAL,run.py
b7e065526c3949dbbc6db666de2c696e,0,FINISHED,/home/federico/mlruns/0/b7e065526c3949dbbc6db666de2c696e/artifacts,2021-11-27 09:49:31.649000+00:00,2021-11-27 13:02:00.207000+00:00,0.0,,0.159223273396492,0.15571096539497375,,0.0,,0.15564309060573578,0.15564309060573578,0.16013303399085999,,0.159223273396492,39.0,-1.541418646012555e-16,0.1557304412126541,0.10581053048372269,0.0,,0.0,,,,,,,,,,,1,False,velocity,3,4,False,5,4,4,,federico,LOCAL,run.py
5cdbb0fd131b4ae594dfdb8b5c029b58,0,FINISHED,/home/federico/mlruns/0/5cdbb0fd131b4ae594dfdb8b5c029b58/artifacts,2021-11-27 06:30:48.830000+00:00,2021-11-27 09:44:52.774000+00:00,4.217852891827892e-25,1.7888543819998322,0.18215370178222656,0.18619972467422485,1.7888543605804443,4.217852962587993e-25,1.2000000000000002,0.1864224374294281,0.1864224374294281,0.17776471376419067,1.2000000476837158,0.18215370178222656,39.0,0.002851807279512286,0.18545645475387573,0.13345521688461304,2.9044288133404927e-13,,2.9044286744859106e-13,,,,,,,,,,,1,False,velocity,5,4,True,5,2,4,ReLU(),federico,LOCAL,run.py
850da21d5a7642ea8632fd4f933568ee,0,FINISHED,/home/federico/mlruns/0/850da21d5a7642ea8632fd4f933568ee/artifacts,2021-11-27 00:21:58.204000+00:00,2021-11-27 06:26:59.690000+00:00,0.0,,0.12255784869194031,0.12338581681251526,,0.0,,0.4011363983154297,0.12335862964391708,0.1190338134765625,,0.40033552050590515,39.0,-1.541418646012555e-16,0.1234116479754448,0.09038753062486649,0.0,0.27777788043022156,0.0,0.27777788043022156,0.0,0.2777778208255768,0.0,0.1666666716337204,0.0,1.0,0.2777771055698395,0.0,0.0,1,True,velocity,5,4,False,5,2,4,ReLU(),federico,LOCAL,run.py
a72f3916f54b434fa673785944947c49,0,FINISHED,/home/federico/mlruns/0/a72f3916f54b434fa673785944947c49/artifacts,2021-11-26 19:42:28.248000+00:00,2021-11-27 00:18:07.715000+00:00,1.4552102327470032e-25,-0.40616515940214,0.18135276436805725,0.18561430275440216,1.7888543605804443,6.272471105393824e-21,-1.4997933862239643,0.4607052505016327,0.1849229633808136,0.1767650991678238,1.2000000476837158,0.45912277698516846,34.0,0.00495658116415143,0.1857825666666031,0.13397999107837677,1.7059955065377302e-13,0.2758858799934387,1.0633020981988747e-10,0.2758932411670685,0.0,0.2757822573184967,0.0,0.17083333432674408,0.0,0.0,0.27776989340782166,0.6499999761581421,0.375,1,True,velocity,5,4,True,5,2,4,ReLU(),federico,LOCAL,run.py
5e90eb46d7b74763bfee0caa896bac7e,0,FINISHED,/home/federico/mlruns/0/5e90eb46d7b74763bfee0caa896bac7e/artifacts,2021-11-26 16:24:52.894000+00:00,2021-11-26 19:38:41.180000+00:00,0.0,,0.18130995333194733,0.18828925490379333,,0.0,,0.18845480680465698,0.18845480680465698,0.1808287501335144,,0.18130995333194733,39.0,0.0063261729665100574,0.18795305490493774,0.13535813987255096,0.0,,0.0,,,,,,,,,,,1,False,velocity,5,4,False,5,2,4,,federico,LOCAL,run.py
313d452cccf440fe81e8bd66a93272e0,0,FINISHED,/home/federico/mlruns/0/313d452cccf440fe81e8bd66a93272e0/artifacts,2021-11-26 13:05:08.079000+00:00,2021-11-26 16:20:13.937000+00:00,4.158279026253637e-16,-1.2437073649991297,0.13169081509113312,0.13259512186050415,-1.2437074184417725,4.1582789163953057e-16,0.06562453785104339,0.13316938281059265,0.13316938281059265,0.12593889236450195,0.06562454253435135,0.13169081509113312,39.0,0.0018190809059888124,0.13249598443508148,0.10556994378566742,4.170640366396583e-08,,4.170640515947094e-08,,,,,,,,,,,1,False,velocity,3,4,True,5,2,4,ReLU(),federico,LOCAL,run.py
5a1b61a1ceb04b0d98a802e0a4e43b68,0,FINISHED,/home/federico/mlruns/0/5a1b61a1ceb04b0d98a802e0a4e43b68/artifacts,2021-11-26 08:27:07.335000+00:00,2021-11-26 13:01:18.232000+00:00,0.0,,0.14752613008022308,0.12761761248111725,,0.0,,0.4134799838066101,0.1360550969839096,0.1365557760000229,,0.4253036379814148,34.0,0.0019855245482176542,0.12868043780326843,0.0951974168419838,0.0,0.2774644196033478,0.0,0.27740204334259033,0.0,0.27742505073547363,0.0,0.1666666716337204,0.0,1.0,0.2777771055698395,0.0,0.0,1,True,velocity,3,4,False,5,2,4,ReLU(),federico,LOCAL,run.py
0ce1d112381845cfad44daee1c72946e,0,FINISHED,/home/federico/mlruns/0/0ce1d112381845cfad44daee1c72946e/artifacts,2021-11-26 02:17:52.644000+00:00,2021-11-26 08:22:29.644000+00:00,3.3403513288732256e-10,-1.336881487002656,0.12615832686424255,0.1259775161743164,-1.3368815183639526,3.340351452538922e-10,0.3380100272230724,0.40376827120780945,0.12524360418319702,0.11930086463689804,0.3380100429058075,0.40393152832984924,39.0,0.006502263713628054,0.1259775161743164,0.09877964109182358,3.8233429222600535e-05,0.2786462903022766,3.82334287471669e-05,0.2787696421146393,0.08461538702249527,0.2785246968269348,0.0,0.19465811550617218,0.28333333134651184,0.0,0.2777734696865082,0.800000011920929,0.0,1,True,velocity,3,4,True,5,2,4,ReLU(),federico,LOCAL,run.py
33abf7b0abb44ef5b6a8c872875f0b56,0,FINISHED,/home/federico/mlruns/0/33abf7b0abb44ef5b6a8c872875f0b56/artifacts,2021-11-25 23:00:11.255000+00:00,2021-11-26 02:14:04.735000+00:00,0.0,,0.13213755190372467,0.13445818424224854,,0.0,,0.13371272385120392,0.13371272385120392,0.1264408379793167,,0.13213755190372467,39.0,0.0040294816717505455,0.13445818424224854,0.10341885685920715,0.0,,0.0,,,,,,,,,,,1,False,velocity,3,4,False,5,2,4,,federico,LOCAL,run.py
24bffe03e4b149bcba36eed79019c10c,0,FINISHED,/home/federico/mlruns/0/24bffe03e4b149bcba36eed79019c10c/artifacts,2021-11-25 19:40:42.185000+00:00,2021-11-25 22:55:31.068000+00:00,6.176765054988209e-08,1.4085662349918417,0.11922647804021835,0.12073355168104172,1.4085662364959717,6.1767650699354e-08,0.5494813110233099,0.120355524122715,0.120355524122715,0.11617483198642731,0.5494813323020935,0.11922647804021835,39.0,0.014630966819822788,0.1207878515124321,0.08997419476509094,0.00021096010459586978,,0.00021096010633796878,,,,,,,,,,,1,False,velocity,5,4,True,5,1,4,ReLU(),federico,LOCAL,run.py
a8faaf876c2f444ea6035ba1de26a5b5,0,FINISHED,/home/federico/mlruns/0/a8faaf876c2f444ea6035ba1de26a5b5/artifacts,2021-11-25 16:46:04.725000+00:00,2021-11-25 19:36:53.426000+00:00,0.0,,0.14736592769622803,0.13621282577514648,,0.0,,0.4025699496269226,0.12475777417421341,0.12201912701129913,,0.4251437485218048,34.0,0.020800532773137093,0.12517043948173523,0.08928953856229782,0.0,0.2778274714946747,0.0,0.27783018350601196,0.0,0.27781203389167786,0.0,0.1666666716337204,0.0,1.0,0.2777771055698395,0.0,0.0,1,True,velocity,5,4,False,5,1,4,ReLU(),federico,LOCAL,run.py
7397bd8824594e7f983f1623717a6548,0,FINISHED,/home/federico/mlruns/0/7397bd8824594e7f983f1623717a6548/artifacts,2021-11-25 10:38:52.177000+00:00,2021-11-25 16:42:17.092000+00:00,2.7542804148517064e-10,-0.47914462747897985,0.1249019205570221,0.12652602791786194,-0.4791446328163147,2.754280544483536e-10,-1.4563204849107694,0.4037736654281616,0.12595878541469574,0.11977770924568176,-1.4563205242156982,0.4026778042316437,39.0,0.014395790174603462,0.12652602791786194,0.09727101027965546,2.2658670786768198e-05,0.2777760624885559,2.265867096187537e-05,0.2775654196739197,0.9461538195610046,0.2778148949146271,0.02500000037252903,0.1646367460489273,0.0,0.0,0.2777758836746216,0.01666666753590107,0.0,1,True,velocity,5,4,True,5,1,4,ReLU(),federico,LOCAL,run.py
9e63c91b1d0d4c7091e36f94d9d1b8bb,0,FINISHED,/home/federico/mlruns/0/9e63c91b1d0d4c7091e36f94d9d1b8bb/artifacts,2021-11-25 07:21:06.559000+00:00,2021-11-25 10:35:03.174000+00:00,0.0,,0.1378210335969925,0.14158998429775238,,0.0,,0.1407133787870407,0.1407133787870407,0.13406670093536377,,0.1378210335969925,39.0,0.010807126760482788,0.14158998429775238,0.1065496951341629,0.0,,0.0,,,,,,,,,,,1,False,velocity,5,4,False,5,1,4,,federico,LOCAL,run.py
1bd253d0a93d408fa171d7cd630e7e85,0,FINISHED,/home/federico/mlruns/0/1bd253d0a93d408fa171d7cd630e7e85/artifacts,2021-11-25 04:01:46.182000+00:00,2021-11-25 07:17:16.370000+00:00,1.083818625124966e-11,-0.6365096173382041,0.12121336907148361,0.1201699748635292,-0.6365095973014832,1.0838186159622845e-11,-1.486085332332958,0.11973180621862411,0.11973180621862411,0.11646149307489395,-1.486085295677185,0.12121336907148361,39.0,0.00010850412945728749,0.12026035040616989,0.09065957367420197,4.6801164899079595e-06,,4.680116555356866e-06,,,,,,,,,,,1,False,velocity,3,4,True,5,1,4,ReLU(),federico,LOCAL,run.py
fa58031be9764005a63ccea9335a9860,0,FINISHED,/home/federico/mlruns/0/fa58031be9764005a63ccea9335a9860/artifacts,2021-11-24 22:06:49.541000+00:00,2021-11-25 03:57:55.722000+00:00,0.0,,0.12255782634019852,0.1233658716082573,,0.0,,0.4011363983154297,0.12335862219333649,0.1190338209271431,,0.40033552050590515,36.0,-1.541418646012555e-16,0.12346449494361877,0.0903875082731247,0.0,0.27777788043022156,0.0,0.27777788043022156,0.0,0.2777778208255768,0.0,0.1666666716337204,0.0,1.0,0.2777771055698395,0.0,0.0,1,True,velocity,3,4,False,5,1,4,ReLU(),federico,LOCAL,run.py
2a4dad2908eb47f6b9ede3c4b570259f,0,FINISHED,/home/federico/mlruns/0/2a4dad2908eb47f6b9ede3c4b570259f/artifacts,2021-11-24 19:11:21.295000+00:00,2021-11-24 22:02:09.815000+00:00,6.071049045430765e-12,-0.6289890080449437,0.12107241153717041,0.12045874446630478,-0.6289889812469482,6.071049146455835e-12,-1.485569329281111,0.3960062563419342,0.12023258209228516,0.11597821116447449,-1.4855693578720093,0.39881962537765503,34.0,-0.0004681204736698419,0.12033127248287201,0.0904512032866478,3.4941074318339815e-06,0.27584534883499146,3.494107361563412e-06,0.2758179008960724,0.0,0.27577370405197144,0.0,0.1646653562784195,0.8166666626930237,0.06299212574958801,0.27774718403816223,0.10833333432674408,0.0,1,True,velocity,3,4,True,5,1,4,ReLU(),federico,LOCAL,run.py
8029a5cabbcb420dac581fef2480df34,0,FINISHED,/home/federico/mlruns/0/8029a5cabbcb420dac581fef2480df34/artifacts,2021-11-24 15:54:36.601000+00:00,2021-11-24 19:07:34.630000+00:00,0.0,,0.12158006429672241,0.1215500608086586,,0.0,,0.12041064351797104,0.12041064351797104,0.11729735881090164,,0.12158006429672241,39.0,0.0020273446571081877,0.1215500608086586,0.08987494558095932,0.0,,0.0,,,,,,,,,,,1,False,velocity,3,4,False,5,1,4,,federico,LOCAL,run.py
262ded5d370b4967869e1cd8e0b10d88,0,FINISHED,/home/federico/mlruns/0/262ded5d370b4967869e1cd8e0b10d88/artifacts,2021-11-24 12:57:03.911000+00:00,2021-11-24 15:50:45.555000+00:00,1.9370147961158353e-16,-0.6506525482323408,0.11586016416549683,0.11469563841819763,-0.6506525278091431,1.9370147588937194e-16,-1.5096804317003816,0.1147100031375885,0.1147100031375885,0.11008309572935104,-1.5096803903579712,0.11586016416549683,34.0,0.007893669418990612,0.11469927430152893,0.09017834067344666,1.949406325252312e-08,,1.9494063948262883e-08,,,,,,,,,,,1,False,velocity,5,4,True,3,4,4,ReLU(),federico,LOCAL,run.py
129fd9f035964e4d95f8a2fa99232b92,0,FINISHED,/home/federico/mlruns/0/129fd9f035964e4d95f8a2fa99232b92/artifacts,2021-11-24 06:41:41.068000+00:00,2021-11-24 12:52:21.469000+00:00,0.0,,0.12255782634019852,0.12335795164108276,,0.0,,0.4011040925979614,0.12334995716810226,0.11903388798236847,,0.40033552050590515,39.0,0.019990552216768265,0.12344804406166077,0.09038723260164261,0.0,0.27775508165359497,0.0,0.27774617075920105,0.0,0.27775415778160095,0.0,0.15138888359069824,0.008333333767950535,0.8999999761581421,0.2777771055698395,0.0,0.0,1,True,velocity,5,4,False,3,4,4,ReLU(),federico,LOCAL,run.py
5f5c29823a164a9196a1b4ddfd29f5c1,0,FINISHED,/home/federico/mlruns/0/5f5c29823a164a9196a1b4ddfd29f5c1/artifacts,2021-11-24 03:44:50.563000+00:00,2021-11-24 06:37:02.432000+00:00,1.7720126456417996e-16,-0.6214697032528875,0.11578599363565445,0.11469703167676926,-0.6214697360992432,1.7720126699339537e-16,-1.5177571273194967,0.3929923176765442,0.11469411104917526,0.11013297736644745,-1.5177571773529053,0.39359909296035767,34.0,0.007821238599717617,0.11469198763370514,0.09025102853775024,1.8546083779824585e-08,0.27828672528266907,1.8546084490367318e-08,0.2782790958881378,0.5,0.27829816937446594,0.0,0.17631234228610992,0.07500000298023224,0.007874015718698502,0.27781322598457336,0.0,0.4749999940395355,1,True,velocity,5,4,True,3,4,4,ReLU(),federico,LOCAL,run.py
996913651252447bb6784c432072ddb8,0,FINISHED,/home/federico/mlruns/0/996913651252447bb6784c432072ddb8/artifacts,2021-11-24 00:27:13.740000+00:00,2021-11-24 03:41:02.450000+00:00,0.0,,0.11536233872175217,0.1174706444144249,,0.0,,0.11555750668048859,0.11555750668048859,0.11116719245910645,,0.11536233872175217,39.0,0.0015979792224243283,0.11709567159414291,0.08835191279649734,0.0,,0.0,,,,,,,,,,,1,False,velocity,5,4,False,3,4,4,,federico,LOCAL,run.py
e4e76d9d8e2d4632b79e2b0b1fc7aef9,0,FINISHED,/home/federico/mlruns/0/e4e76d9d8e2d4632b79e2b0b1fc7aef9/artifacts,2021-11-23 21:07:40.557000+00:00,2021-11-24 00:23:22.654000+00:00,3.486335344859981e-06,1.343372829736576,0.12127351015806198,0.12188350409269333,1.3433728218078613,3.4863352705891625e-06,0.4730103163779229,0.12081097066402435,0.12081097066402435,0.1149313747882843,0.4730103015899658,0.12127351015806198,39.0,0.023206735029816628,0.12188350409269333,0.09249044209718704,0.0018496874254196882,,0.0018496874789347545,,,,,,,,,,,1,False,velocity,3,4,True,3,4,4,ReLU(),federico,LOCAL,run.py
8d6764658c6747c39f70120a2023f626,0,FINISHED,/home/federico/mlruns/0/8d6764658c6747c39f70120a2023f626/artifacts,2021-11-23 14:53:04.349000+00:00,2021-11-23 21:03:47.827000+00:00,0.0,,0.12255789339542389,0.1233738511800766,,0.0,,0.4011363685131073,0.12335856258869171,0.11903384327888489,,0.4003356397151947,39.0,0.00906150322407484,0.12340305000543594,0.09038741141557693,0.0,0.27777788043022156,0.0,0.27777788043022156,0.0,0.2777778208255768,0.0,0.1666666716337204,0.0,1.0,0.2777771055698395,0.0,0.0,1,True,velocity,3,4,False,3,4,4,ReLU(),federico,LOCAL,run.py
b29f13a2dfdb467c8b72d56712a1ceb5,0,FINISHED,/home/federico/mlruns/0/b29f13a2dfdb467c8b72d56712a1ceb5/artifacts,2021-11-23 08:15:23.279000+00:00,2021-11-23 14:48:23.070000+00:00,3.1111130738281645e-06,0.2110494983867928,0.11748752743005753,0.12231744080781937,0.21104949712753296,3.1111130569892575e-06,-0.9790175338008171,0.4002603590488434,0.12248251587152481,0.11678743362426758,-0.9790175557136536,0.3952655494213104,39.0,0.009531264193356037,0.12232315540313721,0.09003086388111115,0.002599836327135563,0.27777791023254395,0.0025998362454598546,0.2778795063495636,0.0,0.2777778208255768,0.0,0.1666666716337204,0.0,1.0,0.2777771055698395,0.0,0.0,1,True,velocity,3,4,True,3,4,4,ReLU(),federico,LOCAL,run.py
de51d635ba1c45d78d667a4e1af11383,0,FINISHED,/home/federico/mlruns/0/de51d635ba1c45d78d667a4e1af11383/artifacts,2021-11-23 04:56:06.373000+00:00,2021-11-23 08:11:35.042000+00:00,0.0,,0.2161133587360382,0.2129216194152832,,0.0,,0.21288634836673737,0.21288634836673737,0.2216276079416275,,0.2161133587360382,39.0,0.0012445058673620224,0.21284356713294983,0.12602996826171875,0.0,,0.0,,,,,,,,,,,1,False,velocity,3,4,False,3,4,4,,federico,LOCAL,run.py
3fd6f10db22b46f0a85cbc742ba794a2,0,FINISHED,/home/federico/mlruns/0/3fd6f10db22b46f0a85cbc742ba794a2/artifacts,2021-11-23 01:34:04.140000+00:00,2021-11-23 04:52:14.262000+00:00,4.806019546776952e-07,1.7888205914404682,0.12235851585865021,0.12265042960643768,1.7888206243515015,4.806019750754176e-07,1.1999395194204512,0.12260044366121292,0.12260044366121292,0.11725600063800812,1.199939489364624,0.12235851585865021,39.0,-0.004699100274592638,0.1226765513420105,0.09260953962802887,0.00031281475094147027,,0.0003128147375949619,,,,,,,,,,,1,False,velocity,5,4,True,3,2,4,ReLU(),federico,LOCAL,run.py
6df107f3de1347bf81638896ac57dae7,0,FINISHED,/home/federico/mlruns/0/6df107f3de1347bf81638896ac57dae7/artifacts,2021-11-22 19:21:06.862000+00:00,2021-11-23 01:30:10.590000+00:00,0.0,,0.12651818990707397,0.1327500343322754,,0.0,,0.41648074984550476,0.1385265737771988,0.1374552845954895,,0.4042961299419403,39.0,0.009038859978318214,0.13192477822303772,0.12791140377521515,0.0,0.2778224050998688,0.0,0.27782201766967773,0.0,0.27795419096946716,0.0,0.1556818187236786,0.0,0.9090909361839294,0.2777771055698395,0.02500000037252903,0.0,1,True,velocity,5,4,False,3,2,4,ReLU(),federico,LOCAL,run.py
bead8c8506484ca0afa482291504453e,0,FINISHED,/home/federico/mlruns/0/bead8c8506484ca0afa482291504453e/artifacts,2021-11-22 14:38:45.287000+00:00,2021-11-22 19:16:25.500000+00:00,10018.03515625,1.6359146875471933,0.49608054757118225,0.48763832449913025,1.63591468334198,10018.034703450898,0.9408052749881288,0.764613687992096,0.48948144912719727,0.49346497654914856,0.9408052563667297,0.7734659910202026,34.0,4.709609065852317e-16,0.48787689208984375,0.14936064183712006,69.97443389892578,0.27513232827186584,69.97443014032456,0.27513232827186584,0.0,0.2751322090625763,0.0,0.1666666716337204,0.0,1.0,0.27738505601882935,0.0,0.0,1,True,velocity,5,4,True,3,2,4,ReLU(),federico,LOCAL,run.py
5c8148022d7f42058b519606f7e0bde6,0,FINISHED,/home/federico/mlruns/0/5c8148022d7f42058b519606f7e0bde6/artifacts,2021-11-22 11:23:14.609000+00:00,2021-11-22 14:34:54.214000+00:00,0.0,,0.21398451924324036,0.17682097852230072,,0.0,,0.17787684500217438,0.17787684500217438,0.1826811581850052,,0.21398451924324036,39.0,0.008694736286997795,0.17505291104316711,0.1215265765786171,0.0,,0.0,,,,,,,,,,,1,False,velocity,5,4,False,3,2,4,,federico,LOCAL,run.py
125cdfdf48e54e448baccdf69b8ea90c,0,FINISHED,/home/federico/mlruns/0/125cdfdf48e54e448baccdf69b8ea90c/artifacts,2021-11-19 09:50:05.750000+00:00,2021-11-19 12:47:51.465000+00:00,6.36932590003525e-11,0.6499669378638265,0.1224677711725235,0.12253955006599426,0.6499669551849365,6.36932588324778e-11,-1.3960744303260295,0.12252547591924667,0.12252547591924667,0.11712624132633209,-1.3960744142532349,0.1224677711725235,34.0,0.006161174736917019,0.12256667762994766,0.09255772829055786,7.233657925098669e-06,,7.23365805364299e-06,,,,,,,,,,,1,False,velocity,3,4,True,3,2,4,ReLU(),federico,LOCAL,run.py
2ba604c96f1d43ff9e99a2a4ef7c76e2,0,FINISHED,/home/federico/mlruns/0/2ba604c96f1d43ff9e99a2a4ef7c76e2/artifacts,2021-11-19 06:30:03.188000+00:00,2021-11-19 09:45:16.888000+00:00,0.0,,0.1357424557209015,0.1246642991900444,,0.0,,0.4024854600429535,0.12329834699630737,0.11945807188749313,,0.413519948720932,38.0,0.010271778330206871,0.12454565614461899,0.08971944451332092,0.0,0.2787010073661804,0.0,0.2785765826702118,0.0,0.27918705344200134,0.0,0.16566608846187592,0.0,0.9090909361839294,0.2777771055698395,0.0,0.08490566164255142,1,True,velocity,3,4,False,3,2,4,ReLU(),federico,LOCAL,run.py
c0244b67156147e5948cb8df43fe5083,0,FINISHED,/home/federico/mlruns/0/c0244b67156147e5948cb8df43fe5083/artifacts,2021-11-19 03:29:48.977000+00:00,2021-11-19 06:25:14.968000+00:00,6.899155552408942e-11,0.6232897304175699,0.12249433994293213,0.12257251888513565,0.6232897043228149,6.8991553709764e-11,-1.482877089979852,0.40080147981643677,0.12257743626832962,0.11713128536939621,-1.4828771352767944,0.4002138376235962,34.0,0.0017238528234884143,0.12259139865636826,0.09259018301963806,7.571758033009246e-06,0.2784789204597473,7.571758034785526e-06,0.27816537022590637,0.0,0.2782239317893982,0.008333333767950535,0.1538604497909546,0.0,0.031496062874794006,0.2777195870876312,0.5583333373069763,0.32499998807907104,1,True,velocity,3,4,True,3,2,4,ReLU(),federico,LOCAL,run.py
4bdbfd7ac3bb47d7906e73cd0ac0fa20,0,FINISHED,/home/federico/mlruns/0/4bdbfd7ac3bb47d7906e73cd0ac0fa20/artifacts,2021-11-19 00:05:27.592000+00:00,2021-11-19 03:25:01.313000+00:00,0.0,,0.12259374558925629,0.12366263568401337,,0.0,,0.12358204275369644,0.12358204275369644,0.11889935284852982,,0.12259374558925629,39.0,0.008680328726768494,0.12373384833335876,0.09082461148500443,0.0,,0.0,,,,,,,,,,,1,False,velocity,3,4,False,3,2,4,,federico,LOCAL,run.py
86628a97050e4aed8b783e7c904c2592,0,FINISHED,/home/federico/mlruns/0/86628a97050e4aed8b783e7c904c2592/artifacts,2021-11-18 20:39:34.646000+00:00,2021-11-19 00:01:26.233000+00:00,6.141221293434404e-14,0.828214598958044,0.15587244927883148,0.15333329141139984,0.8282145857810974,6.141221034691517e-14,-0.22432018497272788,0.15293748676776886,0.15293748676776886,0.1535569429397583,-0.2243201732635498,0.15587244927883148,39.0,0.005158722400665283,0.15339013934135437,0.10268054902553558,2.6478210202185437e-07,,2.647820917094244e-07,,,,,,,,,,,1,False,velocity,5,4,True,3,1,4,ReLU(),federico,LOCAL,run.py
cfca263a21c5492ebb9fbfd8195eba7a,0,FINISHED,/home/federico/mlruns/0/cfca263a21c5492ebb9fbfd8195eba7a/artifacts,2021-11-18 17:38:20.978000+00:00,2021-11-18 20:34:46.155000+00:00,0.0,,0.12845644354820251,0.12338314950466156,,0.0,,0.4012550711631775,0.12347719073295593,0.11983893066644669,,0.4062342643737793,34.0,-1.541418646012555e-16,0.12337077409029007,0.08942397683858871,0.0,0.27777788043022156,0.0,0.27777788043022156,0.0,0.2777778208255768,0.0,0.1666666716337204,0.0,1.0,0.2777771055698395,0.0,0.0,1,True,velocity,5,4,False,3,1,4,ReLU(),federico,LOCAL,run.py
328a0bc92a784b4e80561cb64b11f011,0,FINISHED,/home/federico/mlruns/0/328a0bc92a784b4e80561cb64b11f011/artifacts,2021-11-18 11:16:27.869000+00:00,2021-11-18 17:33:32.768000+00:00,8.103491293785792e-13,1.3606786363663999,0.15213942527770996,0.15016546845436096,1.3606786727905273,8.103491026784464e-13,0.5109470208659466,0.4271004796028137,0.1492263823747635,0.14962683618068695,0.510947048664093,0.4300485849380493,39.0,0.0038086094427853823,0.15016546845436096,0.10082581639289856,7.990639119270782e-07,0.2776486575603485,7.990638912436232e-07,0.27766153216362,0.9692307710647583,0.2778741121292114,0.0,0.16292734444141388,0.008333333767950535,0.0,0.27790892124176025,0.0,0.0,1,True,velocity,5,4,True,3,1,4,ReLU(),federico,LOCAL,run.py
d380c383c2e94b2780cae9bd728eb35a,0,FINISHED,/home/federico/mlruns/0/d380c383c2e94b2780cae9bd728eb35a/artifacts,2021-11-18 07:53:12.585000+00:00,2021-11-18 11:11:40.176000+00:00,0.0,,0.16054736077785492,0.15841548144817352,,0.0,,0.15585295855998993,0.15585295855998993,0.16043417155742645,,0.16054736077785492,39.0,-0.0050203693099319935,0.15841548144817352,0.10581321269273758,0.0,,0.0,,,,,,,,,,,1,False,velocity,5,4,False,3,1,4,,federico,LOCAL,run.py
ae727d60bf384b369d92ebda694186ec,0,FINISHED,/home/federico/mlruns/0/ae727d60bf384b369d92ebda694186ec/artifacts,2021-11-18 04:28:23.815000+00:00,2021-11-18 07:49:11.533000+00:00,5.122953927391705e-13,1.7888543819998317,0.1385241597890854,0.13822317123413086,1.7888543605804443,5.122953966705924e-13,1.2000000000000002,0.1379675269126892,0.1379675269126892,0.1363852620124817,1.2000000476837158,0.1385241597890854,39.0,4.709609065852317e-16,0.13829651474952698,0.09543970972299576,3.2009231176743924e-07,,3.200922981487035e-07,,,,,,,,,,,1,False,velocity,3,4,True,3,1,4,ReLU(),federico,LOCAL,run.py
626b659d1a8d47678ff3d82a6b8a1990,0,FINISHED,/home/federico/mlruns/0/626b659d1a8d47678ff3d82a6b8a1990/artifacts,2021-11-18 01:26:31.115000+00:00,2021-11-18 04:23:34.417000+00:00,0.0,,0.1399863213300705,0.1380247175693512,,0.0,,0.4157690405845642,0.1379910260438919,0.13906000554561615,,0.41776418685913086,34.0,-1.541418646012555e-16,0.13811565935611725,0.0962434783577919,0.0,0.2777780294418335,0.0,0.2777780294418335,1.0,0.27777791023254395,0.0,0.1666666716337204,0.0,0.0,0.2777771055698395,0.0,0.0,1,True,velocity,3,4,False,3,1,4,ReLU(),federico,LOCAL,run.py
7e821bb6a4ce42efa1c495aba6558d82,0,FINISHED,/home/federico/mlruns/0/7e821bb6a4ce42efa1c495aba6558d82/artifacts,2021-11-17 19:07:25.954000+00:00,2021-11-18 01:22:30.458000+00:00,4.6637559265871875e-12,1.7888543819998317,0.13728781044483185,0.13695067167282104,1.7888543605804443,4.663755953214486e-12,1.2000000000000002,0.41448843479156494,0.13671062886714935,0.13498860597610474,1.2000000476837158,0.41506558656692505,39.0,4.709609065852317e-16,0.13695067167282104,0.09490884095430374,9.657904911364312e-07,0.277777761220932,9.6579044861859e-07,0.277777761220932,0.0,0.2777777910232544,1.0,0.1666666716337204,0.0,0.0,0.2777771055698395,0.0,0.0,1,True,velocity,3,4,True,3,1,4,ReLU(),federico,LOCAL,run.py
defd0d16ec6e4be8ad7b0a88d33ca5d0,0,FINISHED,/home/federico/mlruns/0/defd0d16ec6e4be8ad7b0a88d33ca5d0/artifacts,2021-11-17 16:10:20.467000+00:00,2021-11-17 19:02:41.635000+00:00,0.0,,0.14018113911151886,0.1382014900445938,,0.0,,0.13816776871681213,0.13816776871681213,0.13927872478961945,,0.14018113911151886,34.0,-1.541418646012555e-16,0.13829240202903748,0.09634558856487274,0.0,,0.0,,,,,,,,,,,1,False,velocity,3,4,False,3,1,4,,federico,LOCAL,run.py
